compound_id,hERG_blocker_probability,predicted hERG pIC50,in_applicability_domain,ad_knn_mean_sim,boundary_uncertain,pred_confidence_margin,confidence_tier,p_ML_Ensemble,p_FT_ChemBERTa_pure
CHEMBL1232461,0.3527,5.065,0,0.3093,0,0.2469,LOW,0.3766,0.2727
CHEMBL553,0.3066,5.456,0,0.3717,0,0.2509,LOW,0.3745,0.0793
CHEMBL1080117,0.9899,6.142,1,0.5824,0,0.9743,HIGH,0.9871,0.9992
CHEMBL4759483,0.7933,5.439,1,0.5069,0,0.6709,HIGH,0.8355,0.6522
CHEMBL589946,0.4621,4.97,0,0.3846,1,0.0471,LOW,0.4765,0.414
CHEMBL3115111,0.0205,4.532,1,0.8668,0,0.9478,HIGH,0.0261,0.0016
CHEMBL3683287,0.2915,5.113,0,0.3453,0,0.2429,LOW,0.3785,0.0001
CHEMBL270853,0.9149,5.422,1,0.6999,0,0.8084,HIGH,0.9042,0.9507
CHEMBL256659,0.944,5.724,1,0.7063,0,0.8552,HIGH,0.9276,0.999
CHEMBL1643361,0.7201,5.402,0,0.3575,0,0.3239,LOW,0.6619,0.9149
CHEMBL272694,0.981,5.578,1,0.8195,0,0.9508,HIGH,0.9754,0.9998
CHEMBL4213750,0.0251,5.22,1,0.8334,0,0.9586,HIGH,0.0207,0.0398
CHEMBL2165084,0.5956,5.83,1,0.5654,0,0.3377,HIGH,0.6689,0.3503
CHEMBL522894,0.915,6.651,1,0.7132,0,0.857,HIGH,0.9285,0.8698
CHEMBL4438231,0.9539,6.015,1,0.7252,0,0.8805,HIGH,0.9402,0.9997
CHEMBL513423,0.5186,5.688,1,0.5348,1,0.0775,MEDIUM,0.5387,0.4513
CHEMBL1084402,0.8949,6.203,1,0.6415,0,0.7461,HIGH,0.8731,0.968
CHEMBL3219269,0.7632,5.831,0,0.4669,0,0.3973,LOW,0.6987,0.9793
CHEMBL3219001,0.7924,6.164,1,0.4999,0,0.4934,HIGH,0.7467,0.9453
CHEMBL497992,0.2207,5.345,0,0.4158,0,0.5174,LOW,0.2413,0.1519
CHEMBL3218856,0.1734,5.203,1,0.5925,0,0.6693,HIGH,0.1653,0.2004
CHEMBL3912712,0.3631,5.99,0,0.2511,1,0.0629,LOW,0.4685,0.01
CHEMBL4069245,0.1149,4.719,1,0.7717,0,0.8486,HIGH,0.0757,0.2461
CHEMBL513893,0.7364,5.299,0,0.3211,0,0.3664,LOW,0.6832,0.9147
CHEMBL2171022,0.6182,5.212,1,0.5466,1,0.1584,MEDIUM,0.5792,0.7486
CHEMBL1099208,0.5611,5.733,1,0.6587,1,0.0683,MEDIUM,0.5342,0.6514
CHEMBL1170009,0.3545,4.83,0,0.4678,0,0.2525,LOW,0.3738,0.2898
CHEMBL1809067,0.5698,5.114,1,0.7486,0,0.2963,HIGH,0.6482,0.3076
AFGMJXNSQZQXOY-UHFFFAOYSA-N,0.3568,4.55,1,0.5829,0,0.369,HIGH,0.3155,0.4951
CHEMBL2179543,0.122,5.013,0,0.3729,0,0.8326,LOW,0.0837,0.2502
CHEMBL25437,0.1753,4.961,0,0.4269,0,0.5754,LOW,0.2123,0.0513
CHEMBL1684686,0.0403,5.1,1,0.7793,0,0.8955,HIGH,0.0523,0.0003
CHEMBL2424930,0.1938,5.02,1,0.5108,0,0.5351,HIGH,0.2325,0.0645
CHEMBL2315925,0.1173,4.453,1,0.701,0,0.8285,HIGH,0.0858,0.223
CHEMBL2204266,0.1388,4.57,1,0.6878,0,0.6417,HIGH,0.1792,0.0035
CHEMBL1258493,0.9725,5.604,1,0.6641,0,0.9685,HIGH,0.9843,0.9332
CHEMBL1084616,0.4466,5.034,1,0.6267,1,0.0254,MEDIUM,0.5127,0.2254
CHEMBL218087,0.4675,5.735,1,0.5673,0,0.3441,HIGH,0.3279,0.9347
CHEMBL4638182,0.1634,4.993,1,0.5238,0,0.7156,HIGH,0.1422,0.2344
CHEMBL2069921,0.4106,5.143,1,0.5059,1,0.0154,MEDIUM,0.5077,0.0857
CHEMBL4084106,0.3166,5.177,0,0.3698,0,0.2674,LOW,0.3663,0.1504
CHEMBL221077,0.9421,6.149,1,0.8208,0,0.8497,HIGH,0.9249,0.9999
CHEMBL3822651,0.4759,4.837,0,0.4896,0,0.2699,LOW,0.3651,0.847
CHEMBL217400,0.8739,5.912,1,0.6802,0,0.6763,HIGH,0.8382,0.9933
AIDFNPQAXSJWSH-UHFFFAOYSA-N,0.1183,4.823,1,0.6213,0,0.754,HIGH,0.123,0.1025
CHEMBL527234,0.1893,5.126,1,0.5118,0,0.5671,HIGH,0.2165,0.0984
CHEMBL230984,0.1425,4.838,1,0.5172,0,0.7016,HIGH,0.1492,0.1203
AIRNIRZIFCVTMX-UHFFFAOYSA-N,0.1516,4.85,0,0.4037,0,0.6081,LOW,0.196,0.003
CHEMBL3652011,0.3722,5.373,0,0.3461,1,0.0752,LOW,0.4624,0.0702
CHEMBL408169,0.9684,6.043,1,0.6817,0,0.9218,HIGH,0.9609,0.9933
AJJVTOMIBFGUBX-UHFFFAOYSA-N,0.5539,5.329,1,0.7141,1,0.0839,MEDIUM,0.5419,0.5938
CHEMBL4448579,0.5974,5.417,0,0.4151,1,0.0886,LOW,0.5443,0.7752
CHEMBL4087218,0.4295,4.912,1,0.7083,0,0.3098,HIGH,0.3451,0.7118
CHEMBL1092105,0.9519,5.916,1,0.6745,0,0.8763,HIGH,0.9382,0.9981
CHEMBL4546929,0.679,5.342,1,0.6109,0,0.2551,HIGH,0.6275,0.8515
AKHGAEGIVMYIQH-UHFFFAOYSA-N,0.6509,6.23,1,0.6455,0,0.539,HIGH,0.7695,0.2536
CHEMBL4785413,0.2683,5.004,1,0.5189,0,0.5186,HIGH,0.2407,0.3608
CHEMBL4472275,0.2047,4.867,1,0.573,0,0.5637,HIGH,0.2181,0.1599
CHEMBL562000,0.4404,5.41,1,0.7576,1,0.1541,MEDIUM,0.4229,0.4987
CHEMBL253878,0.9895,6.722,1,0.8428,0,0.9742,HIGH,0.9871,0.9973
CHEMBL601907,0.0418,4.932,1,0.7095,0,0.8933,HIGH,0.0533,0.0034
ALTBKUXHUHAWIE-NEPJUHHUSA-N,0.1399,4.77,1,0.6586,0,0.7759,HIGH,0.112,0.2332
ALTBKUXHUHAWIE-NWDGAFQWSA-N,0.1399,4.77,1,0.6586,0,0.7759,HIGH,0.112,0.2332
CHEMBL3605277,0.3824,4.918,0,0.3921,0,0.2139,LOW,0.393,0.3468
CHEMBL2440396,0.6241,5.429,0,0.3813,1,0.1369,LOW,0.5684,0.8103
CHEMBL529874,0.1725,5.869,0,0.2931,0,0.6607,LOW,0.1697,0.1821
CHEMBL2207284,0.5551,5.485,1,0.7484,0,0.319,HIGH,0.6595,0.2057
CHEMBL541226,0.9493,5.74,0,0.4454,0,0.8803,LOW,0.9401,0.9801
CHEMBL4278717,0.6494,5.451,1,0.7591,0,0.4436,HIGH,0.7218,0.4069
CHEMBL4101417,0.4685,5.115,1,0.6827,1,0.0003,MEDIUM,0.5002,0.3624
AMRJKHDSDIXQIV-UHFFFAOYSA-N,0.9347,5.537,1,0.6802,0,0.8339,HIGH,0.917,0.9942
CHEMBL403809,0.2329,5.228,1,0.6628,0,0.5645,HIGH,0.2177,0.2837
CHEMBL517776,0.4262,5.111,0,0.2582,0,0.241,LOW,0.3795,0.5825
CHEMBL3355597,0.2757,5.154,0,0.3513,0,0.631,LOW,0.1845,0.581
ANCBWBFMSIQTEX-IBGZPJMESA-N,0.1468,5.02,0,0.3817,0,0.7745,LOW,0.1128,0.2608
CHEMBL2386633,0.2673,4.574,0,0.4368,0,0.5091,LOW,0.2454,0.3404
CHEMBL3354701,0.4166,5.443,1,0.7258,1,0.11,MEDIUM,0.445,0.3214
CHEMBL4748670,0.8818,5.608,0,0.4114,0,0.7266,LOW,0.8633,0.9438
CHEMBL4207928,0.2643,4.747,1,0.5618,0,0.4193,HIGH,0.2904,0.1772
ANQAUDCJANAJOF-UHFFFAOYSA-N,0.8185,5.625,1,0.4985,0,0.5751,HIGH,0.7875,0.9224
CHEMBL4798765,0.4981,5.151,0,0.3515,1,0.0677,LOW,0.4661,0.605
CHEMBL1171471,0.2884,4.884,1,0.775,0,0.5066,HIGH,0.2467,0.4279
CHEMBL1800159,0.3196,5.329,0,0.2484,0,0.5502,LOW,0.2249,0.6369
AOTYAPLNLRAVPH-UHFFFAOYSA-N,0.2142,4.954,1,0.7612,0,0.5593,HIGH,0.2203,0.1939
CHEMBL2333642,0.7888,5.129,1,0.5852,0,0.4988,HIGH,0.7494,0.9205
CHEMBL267345,0.0911,4.922,0,0.1929,0,0.7634,LOW,0.1183,0.0
CHEMBL534612,0.5838,5.127,0,0.4653,1,0.059,LOW,0.4705,0.9632
CHEMBL4753097,0.3859,5.28,1,0.7554,0,0.25,HIGH,0.375,0.4223
CHEMBL4544352,0.9906,6.891,1,0.6882,0,0.9767,HIGH,0.9884,0.9981
CHEMBL3775256,0.9964,6.315,1,0.7343,0,0.9909,HIGH,0.9955,0.9997
CHEMBL2177307,0.5737,5.351,1,0.5292,1,0.1915,MEDIUM,0.5957,0.4999
AQRMSNKJMMOWNY-UHFFFAOYSA-N,0.0997,4.944,1,0.7544,0,0.7598,HIGH,0.1201,0.0314
CHEMBL207850,0.9265,5.464,1,0.6034,0,0.8499,HIGH,0.9249,0.9316
CHEMBL4475999,0.2672,5.575,0,0.3164,0,0.3808,LOW,0.3096,0.1253
CHEMBL4555101,0.5543,5.398,1,0.5763,1,0.1245,MEDIUM,0.4377,0.9446
CHEMBL3775554,0.9957,6.619,1,0.7826,0,0.989,HIGH,0.9945,0.9997
CHEMBL4463483,0.2337,5.101,1,0.6306,0,0.638,HIGH,0.181,0.4101
CHEMBL597737,0.6724,5.167,1,0.5471,0,0.2813,HIGH,0.6407,0.7787
CHEMBL2347988,0.2392,5.418,1,0.6056,0,0.4122,HIGH,0.2939,0.056
CHEMBL4105041,0.1419,4.988,1,0.6619,0,0.7032,HIGH,0.1484,0.1201
CHEMBL3605123,0.6233,5.806,1,0.7756,1,0.0591,MEDIUM,0.5296,0.9369
CHEMBL3605010,0.4579,5.244,1,0.7404,1,0.0093,MEDIUM,0.4954,0.3323
CHEMBL4519670,0.7325,5.617,1,0.6898,0,0.4235,HIGH,0.7117,0.802
CHEMBL1945848,0.4892,5.175,1,0.5011,1,0.0698,MEDIUM,0.4651,0.5699
CHEMBL3925977,0.5689,5.256,1,0.5226,0,0.4198,HIGH,0.7099,0.0967
CHEMBL3605117,0.6063,5.805,1,0.7235,0,0.2637,HIGH,0.6318,0.5208
CHEMBL1098554,0.514,5.563,0,0.3206,1,0.0457,LOW,0.5229,0.4843
CHEMBL3314352,0.4185,4.959,0,0.4447,0,0.3217,LOW,0.3392,0.684
CHEMBL319742,0.2787,4.894,0,0.3714,0,0.5916,LOW,0.2042,0.5281
CHEMBL3314417,0.2274,5.063,0,0.4413,0,0.5761,LOW,0.2119,0.2793
CHEMBL218735,0.6797,5.982,1,0.5237,1,0.168,MEDIUM,0.584,1.0
CHEMBL1520725,0.3412,5.324,0,0.3472,0,0.4775,LOW,0.2613,0.6087
CHEMBL1335175,0.7433,6.034,0,0.3776,0,0.3332,LOW,0.6666,1.0
CHEMBL3358000,0.2821,4.893,1,0.6814,0,0.535,HIGH,0.2325,0.4482
AWICWMKCSBUETH-UHFFFAOYSA-N,0.5032,4.809,1,0.5711,1,0.0303,MEDIUM,0.4849,0.5645
CHEMBL1081685,0.9942,6.047,1,0.7014,0,0.985,HIGH,0.9925,1.0
CHEMBL1080293,0.9942,6.047,1,0.7014,0,0.985,HIGH,0.9925,1.0
CHEMBL146620,0.7195,5.31,1,0.5066,0,0.2781,HIGH,0.639,0.9887
CHEMBL582286,0.2583,5.809,0,0.4205,0,0.4474,LOW,0.2763,0.1979
CHEMBL521327,0.1907,5.086,1,0.7634,0,0.7243,HIGH,0.1379,0.3678
CHEMBL1642258,0.4807,5.128,0,0.4276,0,0.311,LOW,0.3445,0.9367
CHEMBL176426,0.9253,6.014,1,0.6439,0,0.8975,HIGH,0.9488,0.8467
CHEMBL3917322,0.3282,5.383,0,0.3717,1,0.1719,LOW,0.4141,0.0409
CHEMBL216680,0.4761,5.139,1,0.6984,1,0.0415,MEDIUM,0.5207,0.3265
CHEMBL1684706,0.1212,5.631,1,0.7086,0,0.6928,HIGH,0.1536,0.0129
CHEMBL569420,0.3142,4.81,1,0.5877,0,0.3725,HIGH,0.3138,0.3158
CHEMBL1951055,0.384,5.208,0,0.4922,0,0.2244,LOW,0.3878,0.3714
CHEMBL4643297,0.2021,5.028,1,0.6566,0,0.6289,HIGH,0.1856,0.2573
AYJWXJNMUFYBAI-UHFFFAOYSA-N,0.7728,5.265,1,0.5709,0,0.4687,HIGH,0.7344,0.9015
AZAHWWKMQDSNOA-XHCCPWGMSA-N,0.9564,5.289,1,0.7565,0,0.889,HIGH,0.9445,0.996
CHEMBL4531643,0.5071,5.159,1,0.5862,1,0.0419,MEDIUM,0.5209,0.4608
CHEMBL4874434,0.1446,5.451,1,0.6345,0,0.6338,HIGH,0.1831,0.0157
CHEMBL1099194,0.0637,4.968,1,0.7693,0,0.8479,HIGH,0.0761,0.0224
CHEMBL556247,0.8535,5.286,1,0.7062,0,0.6249,HIGH,0.8125,0.991
AZTADJFZGRDYTG-UHFFFAOYSA-N,0.7,5.12,1,0.6437,0,0.3901,HIGH,0.695,0.7167
CHEMBL578346,0.4314,5.228,1,0.5394,1,0.1926,MEDIUM,0.4037,0.5239
CHEMBL4076989,0.8772,5.711,1,0.6498,0,0.6832,HIGH,0.8416,0.9963
CHEMBL3425818,0.0526,4.557,1,0.7397,0,0.8876,HIGH,0.0562,0.0404
CHEMBL1829618,0.5706,4.896,1,0.7695,1,0.0124,MEDIUM,0.5062,0.7862
CHEMBL1090816,0.0947,4.637,1,0.5666,0,0.7549,HIGH,0.1225,0.0017
CHEMBL4518161,0.5758,5.379,0,0.2881,0,0.2392,LOW,0.6196,0.4291
CHEMBL4789854,0.5929,4.88,1,0.631,1,0.0228,MEDIUM,0.5114,0.8656
CHEMBL584240,0.5832,5.231,0,0.2884,1,0.0326,LOW,0.4837,0.9165
CHEMBL3234873,0.3279,5.212,0,0.3427,1,0.1779,LOW,0.4111,0.0497
CHEMBL3288810,0.7337,5.92,1,0.7954,0,0.3348,HIGH,0.6674,0.9556
CHEMBL1084383,0.6718,5.197,1,0.6449,0,0.3306,HIGH,0.6653,0.6935
CHEMBL560669,0.2187,4.48,1,0.607,0,0.4814,HIGH,0.2593,0.0828
CHEMBL4534193,0.9872,6.746,1,0.6746,0,0.9677,HIGH,0.9839,0.9985
CHEMBL4170883,0.2162,4.784,1,0.6574,0,0.5895,HIGH,0.2052,0.2529
CHEMBL1684585,0.2717,5.083,1,0.6105,0,0.3875,HIGH,0.3063,0.156
CHEMBL3127689,0.2014,4.963,1,0.6463,0,0.7255,HIGH,0.1373,0.4159
CHEMBL3931920,0.4237,5.642,0,0.4096,1,0.0757,LOW,0.5379,0.0415
CHEMBL4091762,0.594,5.249,1,0.5815,0,0.2202,HIGH,0.6101,0.54
CHEMBL1923110,0.1984,4.845,1,0.7389,0,0.5499,HIGH,0.225,0.1091
CHEMBL2387464,0.2936,5.553,0,0.2882,0,0.4574,LOW,0.2713,0.3681
CHEMBL2333627,0.8251,5.059,1,0.7173,0,0.5521,HIGH,0.7761,0.9891
CHEMBL1094029,0.7233,6.047,0,0.3806,0,0.3965,LOW,0.6983,0.8071
CHEMBL2016776,0.5327,5.841,1,0.5197,0,0.2127,HIGH,0.6064,0.2861
CHEMBL4097890,0.233,4.86,1,0.5219,0,0.4652,HIGH,0.2674,0.1178
CHEMBL3422971,0.6036,5.676,1,0.5053,1,0.0117,MEDIUM,0.4942,0.9701
CHEMBL400612,0.6358,5.051,1,0.7746,1,0.0975,MEDIUM,0.5487,0.9273
CHEMBL4878108,0.8031,5.064,1,0.7139,0,0.5532,HIGH,0.7766,0.8917
CHEMBL3800506,0.2988,4.98,0,0.2514,0,0.304,LOW,0.348,0.1342
CHEMBL3946901,0.9912,6.499,1,0.7878,0,0.9774,HIGH,0.9887,0.9994
CHEMBL1084577,0.8922,5.821,0,0.4285,0,0.7603,LOW,0.8801,0.9326
CHEMBL3604802,0.7229,5.677,1,0.609,0,0.2901,HIGH,0.645,0.9835
CHEMBL3785257,0.3687,5.058,0,0.3754,0,0.4943,LOW,0.2528,0.7567
BHOUUDZNGWHFHC-UHFFFAOYSA-N,0.9609,5.907,1,0.6518,0,0.9001,HIGH,0.95,0.9973
CHEMBL470791,0.4787,4.892,1,0.7806,1,0.0708,MEDIUM,0.4646,0.5261
CHEMBL4856289,0.0694,4.749,0,0.3414,0,0.8323,LOW,0.0839,0.021
CHEMBL4459468,0.927,5.5,1,0.7379,0,0.8122,HIGH,0.9061,0.9969
BIAPMBIBJRGUDT-JWQCQUIFSA-N,0.6278,5.35,1,0.6678,0,0.5154,HIGH,0.7577,0.1927
CHEMBL4210640,0.3597,5.675,0,0.3062,0,0.4384,LOW,0.2808,0.6237
CHEMBL1779005,0.735,5.405,1,0.6153,0,0.4472,HIGH,0.7236,0.7732
CHEMBL4169829,0.7527,5.275,0,0.3633,0,0.3583,LOW,0.6791,0.999
CHEMBL512896,0.3008,5.636,1,0.6329,0,0.3455,HIGH,0.3272,0.2122
CHEMBL1935426,0.8868,5.318,0,0.4146,0,0.7148,LOW,0.8574,0.9853
CHEMBL2010843,0.7386,5.386,1,0.6326,0,0.3226,HIGH,0.6613,0.9974
CHEMBL4782227,0.3386,4.898,1,0.6794,0,0.7089,HIGH,0.1456,0.9847
BJPVYYNGTFHKMV-ILVMPNSOSA-N,0.755,5.536,1,0.7088,0,0.4423,HIGH,0.7212,0.8685
CHEMBL3754258,0.4519,5.345,1,0.6954,1,0.1166,MEDIUM,0.4417,0.4861
CHEMBL4453874,0.9041,6.125,1,0.806,0,0.751,HIGH,0.8755,0.9997
BKFGVTZYKZDOGY-HZPDHXFCSA-N,0.1923,4.808,1,0.5799,0,0.6996,HIGH,0.1502,0.333
CHEMBL3775370,0.1855,5.922,0,0.4242,0,0.5183,LOW,0.2408,0.0001
CHEMBL3263282,0.4522,5.372,1,0.5394,0,0.3184,HIGH,0.3408,0.8252
CHEMBL570593,0.3641,5.042,0,0.4555,1,0.0742,LOW,0.4629,0.0332
CHEMBL4166194,0.3799,5.209,0,0.2868,0,0.3079,LOW,0.346,0.4933
CHEMBL3605138,0.7054,5.858,1,0.787,0,0.2907,HIGH,0.6453,0.9063
CHEMBL3775604,0.9983,6.378,1,0.7963,0,0.9958,HIGH,0.9979,0.9996
CHEMBL4452042,0.988,6.909,1,0.691,0,0.969,HIGH,0.9845,0.9998
BLZBUQXFDJSEKN-LJFZDNNRSA-N,0.7105,5.362,1,0.6264,0,0.4022,HIGH,0.7011,0.742
CHEMBL2203713,0.2503,4.872,1,0.5961,0,0.7065,HIGH,0.1468,0.597
CHEMBL4761836,0.2678,5.268,0,0.2762,0,0.3354,LOW,0.3323,0.0518
CHEMBL3422963,0.7077,6.097,1,0.5113,0,0.2466,HIGH,0.6233,0.9902
CHEMBL3891461,0.4112,5.017,0,0.446,0,0.352,LOW,0.324,0.7032
CHEMBL1083750,0.5562,5.259,0,0.451,0,0.2707,LOW,0.6353,0.2913
CHEMBL2029734,0.0358,4.593,1,0.827,0,0.9169,HIGH,0.0416,0.0167
CHEMBL4279547,0.2087,4.988,0,0.2918,0,0.5865,LOW,0.2067,0.2153
CHEMBL2333634,0.7543,5.044,1,0.7145,0,0.3661,HIGH,0.683,0.9927
BNNAODVJPJIPNE-UHFFFAOYSA-N,0.6994,5.199,1,0.6482,0,0.4688,HIGH,0.7344,0.5822
CHEMBL2059322,0.84,5.432,1,0.6838,0,0.585,HIGH,0.7925,0.9989
CHEMBL4854094,0.1053,4.82,0,0.3252,0,0.7528,LOW,0.1236,0.044
CHEMBL4472682,0.1716,4.734,1,0.5793,0,0.676,HIGH,0.162,0.2037
CHEMBL2035000,0.7438,5.822,1,0.5876,0,0.5018,HIGH,0.7509,0.7202
CHEMBL1762479,0.7766,5.272,0,0.2929,0,0.5341,LOW,0.7671,0.8088
CHEMBL561396,0.448,5.282,0,0.4293,1,0.0763,LOW,0.4618,0.4016
CHEMBL3341985,0.245,4.967,0,0.4049,0,0.3725,LOW,0.3138,0.0146
CHEMBL2386114,0.2959,5.605,0,0.3176,0,0.2785,LOW,0.3608,0.079
CHEMBL5074682,0.3794,5.006,1,0.6148,1,0.1796,MEDIUM,0.4102,0.2761
CHEMBL3822962,0.3747,4.885,1,0.5283,0,0.3577,HIGH,0.3211,0.5539
CHEMBL2336055,0.6481,5.414,0,0.489,0,0.282,LOW,0.641,0.6719
CHEMBL1327627,0.2486,5.127,0,0.3065,0,0.5761,LOW,0.212,0.3711
CHEMBL4290485,0.3587,5.479,0,0.2548,0,0.4879,LOW,0.256,0.7024
CHEMBL4867169,0.1198,5.038,0,0.3323,0,0.7343,LOW,0.1329,0.0759
CHEMBL3953018,0.9665,6.236,1,0.5085,0,0.9131,HIGH,0.9566,0.9997
CHEMBL4865767,0.1811,5.134,0,0.4027,0,0.5412,LOW,0.2294,0.0193
CHEMBL4168028,0.3089,4.878,0,0.3259,0,0.452,LOW,0.274,0.4258
CHEMBL1822851,0.9133,5.913,1,0.5832,0,0.7795,HIGH,0.8897,0.9921
BRHOSLMTYNSPCU-UHFFFAOYSA-N,0.972,6.345,1,0.75,0,0.9275,HIGH,0.9638,0.9994
CHEMBL5072616,0.1737,5.019,1,0.7103,0,0.6948,HIGH,0.1526,0.2443
CHEMBL1242081,0.86,6.254,1,0.8498,0,0.8212,HIGH,0.9106,0.6905
CHEMBL4637212,0.2017,5.579,1,0.5404,0,0.5844,HIGH,0.2078,0.1813
CHEMBL2347420,0.3927,5.54,1,0.6121,1,0.0158,MEDIUM,0.4921,0.0597
CHEMBL4093271,0.3723,5.192,1,0.6407,0,0.2664,HIGH,0.3668,0.3905
BTEHVLUMUBTQOZ-UHFFFAOYSA-N,0.9301,6.23,0,0.4512,0,0.8357,LOW,0.9178,0.9712
CHEMBL1169794,0.5648,4.988,0,0.4773,1,0.0756,LOW,0.5378,0.6553
CHEMBL463231,0.439,5.121,0,0.2494,1,0.1877,LOW,0.4061,0.5488
CHEMBL1836247,0.7769,5.754,1,0.5005,0,0.4465,HIGH,0.7233,0.9566
CHEMBL507130,0.8014,5.342,1,0.6968,0,0.589,HIGH,0.7945,0.8244
CHEMBL4081764,0.8032,5.201,1,0.776,0,0.5066,HIGH,0.7533,0.9702
CHEMBL2024395,0.0142,4.6,1,0.9182,0,0.9631,HIGH,0.0184,0.0
CHEMBL4584911,0.1686,4.847,0,0.4122,0,0.6501,LOW,0.175,0.1472
CHEMBL4207711,0.1759,4.713,1,0.6274,0,0.8177,HIGH,0.0911,0.4599
CHEMBL78806,0.0848,4.561,1,0.8099,0,0.8338,HIGH,0.0831,0.0903
CHEMBL2058833,0.2848,4.952,0,0.3497,0,0.3309,LOW,0.3345,0.1185
CHEMBL2333641,0.7767,5.294,1,0.6814,0,0.4219,HIGH,0.7109,0.9967
CHEMBL5095095,0.4036,5.601,0,0.1787,1,0.0456,LOW,0.5228,0.0043
CHEMBL231294,0.1794,4.625,1,0.4949,0,0.6283,HIGH,0.1859,0.1579
CHEMBL257901,0.9181,5.656,1,0.7644,0,0.7878,HIGH,0.8939,0.9993
CHEMBL1099195,0.142,5.029,1,0.7344,0,0.6713,HIGH,0.1644,0.067
CHEMBL527620,0.6902,5.499,0,0.4665,0,0.2398,LOW,0.6199,0.9257
CHEMBL4554202,0.5803,5.357,1,0.6212,1,0.1203,MEDIUM,0.5602,0.6477
CHEMBL3422010,0.2974,4.961,1,0.7704,0,0.4656,HIGH,0.2672,0.3985
CHEMBL3604424,0.1354,4.729,1,0.5157,0,0.7728,HIGH,0.1136,0.2084
BWVKKQVUMCVGCT-UHFFFAOYSA-N,0.9661,6.39,1,0.6363,0,0.9158,HIGH,0.9579,0.9935
BWVRPGYKZYASIH-UHFFFAOYSA-N,0.8622,5.493,1,0.5917,0,0.6725,HIGH,0.8363,0.9491
CHEMBL3329822,0.0507,4.651,0,0.3866,0,0.8692,LOW,0.0654,0.0012
CHEMBL389499,0.5623,5.875,1,0.6961,1,0.1495,MEDIUM,0.5747,0.5206
CHEMBL2312548,0.9581,5.976,1,0.6671,0,0.9008,HIGH,0.9504,0.984
CHEMBL176933,0.9502,5.983,1,0.6629,0,0.873,HIGH,0.9365,0.9961
CHEMBL4793030,0.2987,4.887,1,0.5595,0,0.5321,HIGH,0.234,0.5154
CHEMBL4468047,0.4154,4.971,1,0.6235,1,0.1124,MEDIUM,0.4438,0.3201
CHEMBL256650,0.9237,5.55,1,0.7105,0,0.806,HIGH,0.903,0.9929
CHEMBL3931791,0.6619,4.849,0,0.4347,0,0.3329,LOW,0.6664,0.6468
CHEMBL1083406,0.7587,5.234,1,0.7688,0,0.6731,HIGH,0.8366,0.4978
CHEMBL4746566,0.4114,5.343,0,0.4359,1,0.0191,LOW,0.4904,0.1466
CHEMBL4061173,0.2107,5.028,1,0.6917,0,0.6262,HIGH,0.1869,0.2905
CHEMBL1800769,0.2242,4.682,0,0.3844,0,0.5535,LOW,0.2232,0.2273
CHEMBL245545,0.071,4.242,1,0.5587,0,0.8159,HIGH,0.0921,0.0005
BZHBDEKYKFTCPD-UHFFFAOYSA-N,0.8842,5.706,0,0.467,0,0.7351,LOW,0.8676,0.94
CHEMBL1761528,0.9696,6.106,1,0.7381,0,0.9214,HIGH,0.9607,0.9995
CHEMBL4751399,0.2448,5.307,0,0.2377,0,0.446,LOW,0.277,0.1368
CHEMBL4526732,0.821,6.014,1,0.5251,0,0.5375,HIGH,0.7688,0.9959
CHEMBL1083274,0.5175,5.049,1,0.6691,1,0.0255,MEDIUM,0.5127,0.5334
CHEMBL3342693,0.3112,5.187,0,0.283,1,0.1993,LOW,0.4004,0.0128
CHEMBL2326480,0.5505,5.225,1,0.6141,1,0.0454,MEDIUM,0.5227,0.6437
CHEMBL2170444,0.7766,5.352,0,0.41,0,0.7166,LOW,0.8583,0.5032
CHEMBL2170299,0.7766,5.352,0,0.41,0,0.7166,LOW,0.8583,0.5032
CHEMBL2170443,0.7766,5.352,0,0.41,0,0.7166,LOW,0.8583,0.5032
CHEMBL3263279,0.0357,4.623,1,0.7068,0,0.9075,HIGH,0.0463,0.0004
CHEMBL4174959,0.8962,5.519,0,0.4665,0,0.7511,LOW,0.8756,0.9655
CHEMBL174004,0.9392,6.023,1,0.6782,0,0.8844,HIGH,0.9422,0.9291
CHEMBL4439285,0.9795,6.093,1,0.6282,0,0.9507,HIGH,0.9754,0.9934
CHEMBL392882,0.5076,5.011,0,0.4746,1,0.1157,LOW,0.4422,0.7266
CHEMBL3786634,0.5692,5.466,1,0.647,1,0.1193,MEDIUM,0.5596,0.6014
CHEMBL4757477,0.4407,5.623,0,0.3514,1,0.1195,LOW,0.5597,0.0421
CHEMBL2151218,0.7623,6.036,1,0.6532,0,0.6921,HIGH,0.8461,0.4818
CHEMBL4286715,0.4606,5.322,0,0.3837,1,0.1582,LOW,0.4209,0.5936
CHEMBL248946,0.2486,5.1,1,0.8037,0,0.7219,HIGH,0.1391,0.6152
CCEZNAJZWWSOHJ-OFNKIYASSA-N,0.1016,5.639,1,0.7913,0,0.9171,HIGH,0.0414,0.3029
CHEMBL588516,0.3737,5.168,0,0.3818,1,0.1453,LOW,0.4274,0.1941
CHEMBL3608921,0.181,5.632,0,0.3559,0,0.5397,LOW,0.2302,0.0166
CHEMBL3894991,0.2529,5.414,0,0.4147,0,0.3595,LOW,0.3202,0.0275
CHEMBL3918205,0.2529,5.414,0,0.4147,0,0.3595,LOW,0.3202,0.0275
CHEMBL4586501,0.6095,5.968,1,0.7103,1,0.0992,MEDIUM,0.5496,0.8099
CHEMBL3896541,0.617,5.163,1,0.521,0,0.4424,HIGH,0.7212,0.2681
CHEMBL3799292,0.3917,4.879,0,0.2888,1,0.1544,LOW,0.4228,0.2876
CHEMBL3800470,0.3917,4.879,0,0.2888,1,0.1544,LOW,0.4228,0.2876
CHEMBL3797887,0.3917,4.879,0,0.2888,1,0.1544,LOW,0.4228,0.2876
CHEMBL4876263,0.6546,5.127,0,0.3866,1,0.1983,LOW,0.5992,0.8403
CDOAKUQOANRBJU-QKKBWIMNSA-N,0.7448,5.46,1,0.7945,0,0.3784,HIGH,0.6892,0.9308
CHEMBL467473,0.7448,5.46,1,0.7945,0,0.3784,HIGH,0.6892,0.9308
CHEMBL2029419,0.3641,4.779,1,0.753,1,0.1513,MEDIUM,0.4244,0.1625
CHEMBL6068069,0.1559,4.974,0,0.1954,0,0.5952,LOW,0.2024,0.0
CHEMBL4091332,0.258,4.94,1,0.6549,0,0.3786,HIGH,0.3107,0.0815
CHEMBL2333623,0.77,5.005,1,0.6448,0,0.491,HIGH,0.7455,0.8521
CHEMBL3758523,0.423,5.345,1,0.6973,0,0.4496,HIGH,0.2752,0.9177
CHEMBL2204263,0.0651,4.53,1,0.7682,0,0.8521,HIGH,0.074,0.0353
CHEMBL4436908,0.1006,4.711,1,0.5981,0,0.7477,HIGH,0.1261,0.0149
CHEMBL1761525,0.9796,6.172,1,0.8041,0,0.9475,HIGH,0.9737,0.9991
CHEMBL4875016,0.4959,5.181,0,0.2857,1,0.0935,LOW,0.5468,0.3256
CGPDIFOCBSDBMN-UHFFFAOYSA-N,0.2948,4.892,1,0.661,0,0.3815,HIGH,0.3093,0.2463
CHIKZYIDDLWDGF-UHFFFAOYSA-N,0.5529,5.129,1,0.6115,1,0.1716,MEDIUM,0.5858,0.4427
CHEMBL3764238,0.3058,5.507,1,0.7526,0,0.3252,HIGH,0.3374,0.1998
CHEMBL550876,0.9247,6.077,1,0.6585,0,0.8105,HIGH,0.9052,0.9899
CHEMBL1834632,0.806,5.464,1,0.7408,0,0.5092,HIGH,0.7546,0.9783
CHEMBL206798,0.3074,4.988,1,0.6062,0,0.2685,HIGH,0.3657,0.1121
CHEMBL580159,0.4161,5.316,0,0.3774,1,0.1063,LOW,0.4468,0.313
CHEMBL226743,0.9812,7.302,1,0.8962,0,0.9511,HIGH,0.9755,1.0
CHEMBL4087512,0.1341,4.999,1,0.5666,0,0.66,HIGH,0.17,0.0137
CHEMBL3809641,0.1203,4.967,0,0.3198,0,0.7036,LOW,0.1482,0.0267
CJDZRSVYGKAPJM-UHFFFAOYSA-N,0.8773,5.279,1,0.5299,0,0.7019,HIGH,0.8509,0.9657
CHEMBL3945976,0.3155,5.677,0,0.4007,1,0.1892,LOW,0.4054,0.0145
CJTATZNAJJRQJR-UHFFFAOYSA-N,0.8825,5.46,1,0.5175,0,0.712,HIGH,0.856,0.9712
CHEMBL2325206,0.9266,6.696,1,0.6601,0,0.8258,HIGH,0.9129,0.9722
CKDGYIZZEFNIIK-UHFFFAOYSA-N,0.7191,5.499,0,0.4869,0,0.5321,LOW,0.766,0.5621
CHEMBL2312551,0.9465,5.973,1,0.6337,0,0.8656,HIGH,0.9328,0.9924
CKLBJZCUANCTTB-UHFFFAOYSA-N,0.9739,6.878,1,0.7085,0,0.9322,HIGH,0.9661,1.0
CHEMBL2311549,0.9389,6.029,1,0.6368,0,0.8515,HIGH,0.9258,0.9829
CKXWJAPUCSPQHF-UHFFFAOYSA-N,0.0873,4.649,1,0.612,0,0.8985,HIGH,0.0507,0.2097
CHEMBL4650304,0.2173,4.808,1,0.6303,0,0.4885,HIGH,0.2558,0.0885
CHEMBL2028041,0.7736,5.831,0,0.3264,0,0.4769,LOW,0.7385,0.8911
CHEMBL4635770,0.2242,5.023,1,0.6538,0,0.6206,HIGH,0.1897,0.3399
CHEMBL1079577,0.9892,6.429,1,0.5409,0,0.9734,HIGH,0.9867,0.9975
CHEMBL1085959,0.6917,5.357,0,0.421,0,0.4171,LOW,0.7085,0.6353
CHEMBL4104658,0.7548,5.328,1,0.6209,0,0.3667,HIGH,0.6834,0.9938
CHEMBL391392,0.1339,4.873,1,0.6138,0,0.6542,HIGH,0.1729,0.0033
CHEMBL2347419,0.4329,5.534,1,0.5556,1,0.0185,MEDIUM,0.4908,0.2391
CHEMBL1270268,0.5179,5.64,1,0.6659,1,0.0685,MEDIUM,0.4658,0.6925
CHEMBL4780722,0.1332,4.748,1,0.7478,0,0.8416,HIGH,0.0792,0.3139
CHEMBL3590466,0.8212,6.446,1,0.4973,0,0.5865,HIGH,0.7932,0.9148
CHEMBL250443,0.487,5.591,0,0.4104,0,0.2237,LOW,0.3882,0.818
CHEMBL1957002,0.6665,5.939,1,0.7302,0,0.5876,HIGH,0.7938,0.2402
CHEMBL1085396,0.9629,6.011,1,0.6473,0,0.9111,HIGH,0.9555,0.9876
CHEMBL3910823,0.6129,5.336,1,0.6848,0,0.2636,HIGH,0.6318,0.5498
CHEMBL248296,0.7172,5.804,1,0.7387,0,0.3057,HIGH,0.6529,0.9325
CHEMBL2333620,0.7497,4.972,1,0.6608,0,0.3962,HIGH,0.6981,0.9224
CHEMBL2041169,0.6193,5.543,1,0.781,1,0.032,MEDIUM,0.516,0.9652
CHEMBL4565200,0.839,5.449,1,0.5844,0,0.6245,HIGH,0.8122,0.9287
CHEMBL270239,0.8706,5.177,1,0.6758,0,0.6656,HIGH,0.8328,0.997
CHEMBL213761,0.8023,5.698,1,0.7374,0,0.4921,HIGH,0.746,0.9907
CHEMBL400468,0.1316,4.887,1,0.6505,0,0.6641,HIGH,0.168,0.0098
CHEMBL558260,0.9544,5.438,1,0.7586,0,0.8832,HIGH,0.9416,0.9971
CHEMBL2064645,0.0604,4.886,1,0.6502,0,0.8458,HIGH,0.0771,0.0044
CHEMBL4590359,0.617,5.939,1,0.7394,1,0.1216,MEDIUM,0.5608,0.8053
CHEMBL3823962,0.47,5.115,0,0.4567,0,0.3635,LOW,0.3183,0.9778
CHEMBL552479,0.4308,4.825,1,0.5855,1,0.0747,MEDIUM,0.5374,0.0742
CHEMBL4084542,0.8777,5.691,0,0.4241,0,0.708,LOW,0.854,0.957
CHEMBL4518465,0.4815,5.642,0,0.3128,0,0.3053,LOW,0.3473,0.9308
CHEMBL4638896,0.417,5.112,1,0.5744,0,0.4302,HIGH,0.2849,0.8593
CHEMBL2333631,0.7631,4.942,1,0.6504,0,0.3854,HIGH,0.6927,0.9989
CHEMBL4173454,0.2426,4.924,0,0.2898,0,0.581,LOW,0.2095,0.3535
CHEMBL4461413,0.579,5.365,1,0.7141,1,0.1322,MEDIUM,0.5661,0.6223
CHEMBL1771093,0.6021,5.359,0,0.4563,1,0.1869,LOW,0.5935,0.6312
CHEMBL1958172,0.712,5.911,1,0.5995,0,0.3735,HIGH,0.6867,0.7966
CHEMBL4855726,0.0852,4.861,0,0.3591,0,0.7823,LOW,0.1088,0.0062
CHEMBL3127675,0.0119,4.401,1,0.7104,0,0.9691,HIGH,0.0154,0.0001
CHEMBL4066059,0.6235,5.126,1,0.5931,0,0.2296,HIGH,0.6148,0.6525
CHEMBL4517101,0.278,4.97,0,0.455,0,0.4292,LOW,0.2854,0.2533
CHEMBL4781970,0.9174,7.327,1,0.6724,0,0.7866,HIGH,0.8933,0.9983
CHEMBL1242623,0.9182,5.774,1,0.8373,0,0.8832,HIGH,0.9416,0.8398
CHEMBL584087,0.3489,5.148,1,0.6115,0,0.2082,HIGH,0.3959,0.1917
CHEMBL1089103,0.9117,7.505,1,0.6593,0,0.7717,HIGH,0.8859,0.9981
CHEMBL1270462,0.5121,5.409,1,0.5619,1,0.1496,MEDIUM,0.4252,0.803
CHEMBL2171024,0.4176,4.844,1,0.5808,1,0.1458,MEDIUM,0.4271,0.3858
CHEMBL3605001,0.5279,5.27,1,0.7392,1,0.0682,MEDIUM,0.5341,0.5071
CHEMBL4098937,0.3036,4.886,1,0.6278,0,0.4534,HIGH,0.2733,0.4048
CHEMBL1084000,0.6111,4.948,0,0.3517,0,0.3665,LOW,0.6833,0.3696
CHEMBL4204419,0.0328,5.42,1,0.7693,0,0.9337,HIGH,0.0331,0.0317
CHEMBL1440100,0.2353,5.036,0,0.2544,0,0.4862,LOW,0.2569,0.1632
CHEMBL3422959,0.5571,6.001,1,0.6616,1,0.0271,MEDIUM,0.4865,0.7936
CHEMBL223604,0.6323,5.611,1,0.6642,0,0.2876,HIGH,0.6438,0.5939
CHEMBL3422026,0.8533,5.911,1,0.6642,0,0.6195,HIGH,0.8097,0.9992
CHEMBL3966706,0.2661,5.605,0,0.4265,0,0.3317,LOW,0.3341,0.0382
CHEMBL1909992,0.5459,5.186,1,0.6694,1,0.1582,MEDIUM,0.5791,0.4347
CTXBQQDROKYAER-UHFFFAOYSA-N,0.1778,5.135,1,0.6381,0,0.5633,HIGH,0.2184,0.0419
CHEMBL4779222,0.6347,5.427,1,0.6463,0,0.3009,HIGH,0.6504,0.582
CHEMBL3289801,0.3839,5.135,0,0.4285,1,0.1314,LOW,0.4343,0.2151
CHEMBL4077920,0.6477,5.306,1,0.6661,0,0.4544,HIGH,0.7272,0.3813
CHEMBL4063869,0.4921,5.665,1,0.5071,1,0.0071,MEDIUM,0.4964,0.4777
CHEMBL1085398,0.9524,5.926,1,0.6628,0,0.9012,HIGH,0.9506,0.9585
CHEMBL245568,0.7947,5.322,0,0.3979,0,0.4668,LOW,0.7334,0.9997
CHEMBL3799553,0.2489,5.067,0,0.2641,0,0.4649,LOW,0.2675,0.1866
CVCVHLAGPYEAKC-GOSISDBHSA-N,0.9365,5.716,1,0.5422,0,0.8352,HIGH,0.9176,0.9998
CHEMBL4577523,0.3243,4.803,0,0.465,0,0.406,LOW,0.297,0.4158
CHEMBL602366,0.2847,5.161,0,0.3684,0,0.3056,LOW,0.3472,0.0755
CHEMBL534723,0.8373,5.343,1,0.5273,0,0.6322,HIGH,0.8161,0.908
CHEMBL256653,0.8533,5.042,1,0.6751,0,0.6844,HIGH,0.8422,0.8907
CHEMBL446134,0.7922,5.642,1,0.576,0,0.6053,HIGH,0.8026,0.7573
CHEMBL1835782,0.6886,5.288,1,0.5768,0,0.3171,HIGH,0.6585,0.7894
CHEMBL3605004,0.6162,5.271,1,0.7602,0,0.2012,HIGH,0.6006,0.6682
CHEMBL3605002,0.6162,5.271,1,0.7602,0,0.2012,HIGH,0.6006,0.6682
CHEMBL3746562,0.3946,4.912,1,0.6095,1,0.1956,MEDIUM,0.4022,0.3692
CHEMBL4745530,0.2624,4.816,1,0.5532,0,0.5276,HIGH,0.2362,0.3502
CHEMBL3899370,0.0464,4.568,1,0.5413,0,0.8937,HIGH,0.0531,0.024
CHEMBL3775408,0.9927,6.148,1,0.7123,0,0.9828,HIGH,0.9914,0.997
CHEMBL4873269,0.6812,5.139,0,0.3862,0,0.2665,LOW,0.6333,0.8419
CHEMBL1078231,0.5297,5.213,0,0.3177,1,0.108,LOW,0.554,0.4483
CYBVKIGZLGUYOT-UHFFFAOYSA-N,0.8722,5.445,1,0.5421,0,0.7199,HIGH,0.86,0.9133
CHEMBL473921,0.5819,5.256,0,0.3962,0,0.2532,LOW,0.6266,0.4324
CHEMBL2017110,0.7401,5.379,1,0.5157,0,0.3827,HIGH,0.6913,0.9036
CHEMBL1095877,0.5282,5.195,0,0.4387,1,0.1507,LOW,0.4247,0.8748
CHEMBL1823043,0.5282,5.195,0,0.4387,1,0.1507,LOW,0.4247,0.8748
CHEMBL1760247,0.8889,5.84,1,0.7118,0,0.7806,HIGH,0.8903,0.884
CHEMBL1170953,0.5468,5.241,1,0.5385,1,0.1338,MEDIUM,0.4331,0.9275
CHEMBL570360,0.306,4.808,1,0.8285,0,0.522,HIGH,0.239,0.5301
CHEMBL583430,0.306,4.808,1,0.8285,0,0.522,HIGH,0.239,0.5301
CHEMBL3775798,0.6645,6.242,0,0.42,1,0.1948,LOW,0.5974,0.8893
CHEMBL4635680,0.6217,5.199,1,0.8521,0,0.2049,HIGH,0.6025,0.6862
CHEMBL4114159,0.3313,4.805,1,0.7209,0,0.2746,HIGH,0.3627,0.226
CHEMBL4867297,0.9103,5.938,1,0.5426,0,0.7777,HIGH,0.8889,0.9822
CHEMBL1921892,0.2399,4.874,1,0.5964,0,0.4484,HIGH,0.2758,0.1195
CHEMBL605751,0.6716,6.242,0,0.3205,0,0.5102,LOW,0.7551,0.3921
CHEMBL4871941,0.3754,5.649,1,0.5433,1,0.0987,MEDIUM,0.4507,0.1232
CHEMBL2147211,0.5996,5.08,1,0.7011,1,0.001,MEDIUM,0.4995,0.9346
CHEMBL1094231,0.5216,5.495,0,0.3082,1,0.1864,LOW,0.4068,0.9059
CHEMBL499961,0.8802,5.182,1,0.741,0,0.6965,HIGH,0.8482,0.9871
CHEMBL238103,0.1098,4.915,1,0.5033,0,0.7191,HIGH,0.1405,0.007
CHEMBL579300,0.9702,6.576,0,0.4722,0,0.9237,LOW,0.9619,0.9982
CHEMBL1812717,0.5819,5.258,0,0.412,0,0.3917,LOW,0.6958,0.2007
CHEMBL1642188,0.538,5.62,1,0.5583,1,0.1188,MEDIUM,0.4406,0.8641
CHEMBL1823046,0.2551,5.041,0,0.4256,0,0.6269,LOW,0.1866,0.4844
CHEMBL1097881,0.2551,5.041,0,0.4256,0,0.6269,LOW,0.1866,0.4844
CHEMBL2158818,0.3636,5.054,1,0.7074,1,0.0723,MEDIUM,0.4638,0.0281
CHEMBL3605121,0.6091,5.527,1,0.7908,1,0.0917,MEDIUM,0.5458,0.821
DDHFRTPLOOOEAP-UHFFFAOYSA-N,0.8049,5.507,1,0.5416,0,0.5237,HIGH,0.7619,0.9491
DDHXHXDKXCLRQK-UHFFFAOYSA-N,0.1416,4.925,0,0.4067,0,0.6342,LOW,0.1829,0.0033
CHEMBL4100226,0.2535,5.085,0,0.4858,0,0.4688,LOW,0.2656,0.2132
CHEMBL71752,0.6755,5.825,0,0.2714,0,0.2069,LOW,0.6035,0.9165
CHEMBL1418441,0.2928,5.195,0,0.3713,0,0.551,LOW,0.2245,0.5214
DEINYMBGVCCVJR-UHFFFAOYSA-N,0.3664,5.025,0,0.4595,0,0.3134,LOW,0.3433,0.4438
CHEMBL2347415,0.6782,5.874,1,0.6108,0,0.5118,HIGH,0.7559,0.4182
CHEMBL4795273,0.1885,4.915,0,0.3281,0,0.854,LOW,0.073,0.5753
CHEMBL4159883,0.0984,5.258,0,0.3703,0,0.748,LOW,0.126,0.0059
CHEMBL1836263,0.4886,5.431,0,0.441,0,0.2316,LOW,0.6158,0.0627
CHEMBL4078730,0.3866,5.012,1,0.693,0,0.5344,HIGH,0.2328,0.9015
CHEMBL4171368,0.2199,4.942,0,0.3543,0,0.5595,LOW,0.2202,0.2189
CHEMBL3699573,0.3661,5.664,1,0.6208,0,0.3179,HIGH,0.3411,0.4501
CHEMBL1834718,0.6023,5.197,1,0.6718,1,0.0016,MEDIUM,0.4992,0.9474
DFSAQPXRPWPPCR-UHFFFAOYSA-N,0.9397,6.828,1,0.6498,0,0.8599,HIGH,0.93,0.9725
CHEMBL3605021,0.5345,5.349,1,0.7624,1,0.0131,MEDIUM,0.4935,0.6718
CHEMBL4468531,0.9353,6.054,1,0.7622,0,0.8333,HIGH,0.9167,0.9978
CHEMBL1170607,0.3711,4.922,0,0.4789,0,0.219,LOW,0.3905,0.3063
CHEMBL2028064,0.1292,5.304,0,0.3035,0,0.667,LOW,0.1665,0.0045
CHEMBL3823522,0.5389,4.942,1,0.5925,1,0.1694,MEDIUM,0.5847,0.3853
DGNYGAHGPZJGOK-UHFFFAOYSA-N,0.0844,4.996,1,0.698,0,0.8291,HIGH,0.0854,0.081
CHEMBL2424874,0.1509,4.618,1,0.7522,0,0.765,HIGH,0.1175,0.2629
CHEMBL4750691,0.8293,6.271,0,0.273,0,0.6075,LOW,0.8037,0.9148
CHEMBL1236391,0.4049,5.186,0,0.3056,0,0.3219,LOW,0.3391,0.6254
CHEMBL4090814,0.2756,4.993,1,0.6038,0,0.4917,HIGH,0.2541,0.3477
CHEMBL470753,0.6798,6.423,1,0.665,0,0.243,HIGH,0.6215,0.8749
CHEMBL3422018,0.2425,4.863,1,0.7484,0,0.5136,HIGH,0.2432,0.2403
CHEMBL587989,0.6062,5.631,0,0.2729,1,0.1967,LOW,0.5983,0.6324
CHEMBL459598,0.4997,5.405,1,0.5853,0,0.2354,HIGH,0.6177,0.1048
CHEMBL580188,0.275,5.388,1,0.5627,0,0.7102,HIGH,0.1449,0.7105
CHEMBL2391646,0.0838,5.023,1,0.6984,0,0.7888,HIGH,0.1056,0.0107
DIFNYEFEIHHXOD-UHFFFAOYSA-N,0.0921,4.843,0,0.3857,0,0.7617,LOW,0.1191,0.0014
CHEMBL4443635,0.5224,5.235,1,0.6122,0,0.2724,HIGH,0.6362,0.1415
CHEMBL1684055,0.6039,5.097,0,0.3748,0,0.2745,LOW,0.6372,0.4924
CHEMBL4218734,0.3252,4.923,1,0.512,0,0.4018,HIGH,0.2991,0.4125
CHEMBL2403338,0.6002,5.235,0,0.3183,1,0.0228,LOW,0.4886,0.9738
CHEMBL429663,0.2434,6.002,1,0.4998,0,0.4175,HIGH,0.2913,0.0832
CHEMBL2326481,0.2201,4.974,1,0.6062,0,0.5008,HIGH,0.2496,0.1214
CHEMBL273165,0.8641,5.291,1,0.6771,0,0.6482,HIGH,0.8241,0.9981
CHEMBL158919,0.1231,4.845,0,0.4748,0,0.8046,LOW,0.0977,0.2079
CHEMBL3115275,0.0843,5.124,1,0.8091,0,0.7996,HIGH,0.1002,0.031
DKBNTFKFZDFOKX-UHFFFAOYSA-N,0.1963,5.294,0,0.3784,0,0.6307,LOW,0.1846,0.2353
CHEMBL3393869,0.6998,6.31,0,0.2584,0,0.37,LOW,0.685,0.7493
CHEMBL488817,0.8377,5.522,0,0.4323,0,0.5829,LOW,0.7915,0.9926
CHEMBL488653,0.8377,5.522,0,0.4323,0,0.5829,LOW,0.7915,0.9926
CHEMBL529445,0.8377,5.522,0,0.4323,0,0.5829,LOW,0.7915,0.9926
CHEMBL2029988,0.1032,4.841,0,0.3484,0,0.732,LOW,0.134,0.0
CHEMBL4860633,0.7215,5.605,0,0.4702,0,0.4794,LOW,0.7397,0.6607
CHEMBL4872007,0.5111,5.16,1,0.5598,1,0.061,MEDIUM,0.4695,0.6504
CHEMBL4752942,0.6586,5.303,1,0.5948,1,0.1436,MEDIUM,0.5718,0.9493
CHEMBL1094028,0.8977,5.871,1,0.5061,0,0.7641,HIGH,0.882,0.9502
DLKBPTITOLEWFS-UHFFFAOYSA-N,0.0508,4.733,1,0.7482,0,0.9117,HIGH,0.0441,0.0733
CHEMBL3822943,0.463,4.997,1,0.5506,1,0.0109,MEDIUM,0.4946,0.3575
CHEMBL2409182,0.0819,4.763,1,0.7801,0,0.7905,HIGH,0.1048,0.0053
CHEMBL3608915,0.1554,5.18,0,0.3707,0,0.6035,LOW,0.1983,0.012
CHEMBL216741,0.9619,5.471,1,0.75,0,0.9313,HIGH,0.9656,0.9495
CHEMBL1818300,0.6063,5.526,0,0.3352,1,0.0225,LOW,0.4888,1.0
CHEMBL2312555,0.9482,5.771,1,0.6753,0,0.8678,HIGH,0.9339,0.996
CHEMBL1170010,0.4126,4.909,0,0.4681,0,0.2022,LOW,0.3989,0.4587
CHEMBL3590468,0.7004,6.502,0,0.4027,0,0.4801,LOW,0.74,0.5675
CHEMBL4174813,0.1491,4.734,0,0.2863,0,0.7142,LOW,0.1429,0.17
CHEMBL2443262,0.5093,5.126,0,0.3758,1,0.0938,LOW,0.4531,0.6974
CHEMBL3585956,0.3059,5.241,0,0.2795,0,0.2544,LOW,0.3728,0.082
CHEMBL4548929,0.207,4.733,1,0.7203,0,0.6127,HIGH,0.1936,0.2517
CHEMBL4547576,0.3062,5.198,1,0.6039,0,0.3492,HIGH,0.3254,0.2417
CHEMBL1933349,0.2417,4.936,0,0.297,0,0.4923,LOW,0.2538,0.2011
DOCRCBAANQJZLH-UHFFFAOYSA-N,0.8848,6.032,1,0.5161,0,0.7111,HIGH,0.8556,0.9825
DOLSUXNRMMOQGK-UHFFFAOYSA-N,0.7974,5.499,1,0.4987,0,0.5322,HIGH,0.7661,0.9022
CHEMBL2042259,0.1753,4.784,0,0.4146,0,0.5769,LOW,0.2115,0.0537
CHEMBL2382342,0.3275,4.962,1,0.5811,0,0.2163,HIGH,0.3919,0.112
DPLLJMBFZXPPLZ-UHFFFAOYSA-N,0.827,5.12,1,0.7572,0,0.5547,HIGH,0.7773,0.9931
CHEMBL3915183,0.4773,5.455,1,0.5538,0,0.3527,HIGH,0.3236,0.9917
CHEMBL469169,0.5575,5.342,0,0.3691,0,0.3886,LOW,0.6943,0.0995
CHEMBL4759520,0.0874,4.72,0,0.2737,0,0.8029,LOW,0.0986,0.05
CHEMBL4860202,0.6556,5.465,0,0.2789,1,0.1818,LOW,0.5909,0.8721
CHEMBL3914287,0.3162,5.035,1,0.5914,0,0.4169,HIGH,0.2916,0.3985
CHEMBL3417531,0.3529,5.176,1,0.5428,1,0.1524,MEDIUM,0.4238,0.1156
CHEMBL4126773,0.1984,5.176,0,0.2914,0,0.5478,LOW,0.2261,0.1057
CHEMBL52832,0.6314,6.111,1,0.5356,0,0.5115,HIGH,0.7558,0.2148
CHEMBL1081401,0.9902,5.884,1,0.6353,0,0.975,HIGH,0.9875,0.9992
CHEMBL4237919,0.181,4.814,1,0.7624,0,0.6525,HIGH,0.1738,0.2054
DRSHUKURCCAZOK-HUUCEWRRSA-N,0.2018,4.921,1,0.575,0,0.6173,HIGH,0.1914,0.2367
CHEMBL3422973,0.6647,5.701,1,0.513,1,0.1356,MEDIUM,0.5678,0.9892
CHEMBL1822458,0.3183,4.713,1,0.633,0,0.3797,HIGH,0.3102,0.3455
CHEMBL4210095,0.2823,5.229,1,0.629,0,0.2865,HIGH,0.3567,0.0331
CHEMBL1099086,0.1877,4.857,0,0.3919,0,0.5454,LOW,0.2273,0.0552
CHEMBL3318978,0.5673,5.76,0,0.2547,0,0.3453,LOW,0.6726,0.2148
CHEMBL247840,0.5891,5.414,1,0.6422,0,0.3682,HIGH,0.6841,0.2713
CHEMBL2391786,0.1626,5.033,1,0.6307,0,0.6455,HIGH,0.1772,0.1137
CHEMBL3416024,0.2776,4.88,1,0.6656,0,0.6064,HIGH,0.1968,0.548
CHEMBL1921889,0.4004,5.09,1,0.7023,1,0.197,MEDIUM,0.4015,0.3966
DTERKQCKRBDMMH-MRXNPFEDSA-N,0.5122,4.873,1,0.7568,1,0.0456,MEDIUM,0.5228,0.4766
CHEMBL3805966,0.4461,5.116,1,0.5016,1,0.1582,MEDIUM,0.4209,0.5306
CHEMBL1290503,0.5016,5.298,1,0.5548,1,0.1997,MEDIUM,0.4002,0.8411
CHEMBL4072025,0.5802,5.098,1,0.6951,0,0.2073,HIGH,0.6036,0.5019
CHEMBL4647217,0.8262,5.592,0,0.3524,0,0.6204,LOW,0.8102,0.8799
CHEMBL468397,0.7094,5.622,1,0.4976,0,0.2709,HIGH,0.6355,0.9568
DUGFRSWSRSEYCH-UHFFFAOYSA-N,0.0889,4.455,1,0.6006,0,0.8865,HIGH,0.0567,0.1965
CHEMBL2165444,0.0627,4.804,0,0.309,0,0.8621,LOW,0.0689,0.042
CHEMBL3099958,0.7948,5.598,1,0.5273,0,0.4698,HIGH,0.7349,0.9953
CHEMBL4175024,0.1716,4.864,0,0.2737,0,0.6479,LOW,0.176,0.1566
CHEMBL1088599,0.7902,5.401,0,0.4679,0,0.4895,LOW,0.7447,0.9426
CHEMBL4861464,0.4911,5.054,1,0.6259,1,0.0292,MEDIUM,0.4854,0.51
CHEMBL4863185,0.4911,5.054,1,0.6259,1,0.0292,MEDIUM,0.4854,0.51
DUTXDBWCKDCQGE-HUUCEWRRSA-N,0.2265,4.942,0,0.4878,0,0.593,LOW,0.2035,0.3037
CHEMBL3422978,0.5972,6.109,1,0.5425,1,0.0744,MEDIUM,0.5372,0.798
CHEMBL4204163,0.2476,4.762,1,0.7544,0,0.4289,HIGH,0.2855,0.1208
CHEMBL2062563,0.2079,4.813,1,0.579,0,0.7256,HIGH,0.1372,0.4445
CHEMBL4758009,0.4885,5.297,1,0.8202,1,0.0175,MEDIUM,0.4913,0.4794
CHEMBL1221913,0.4186,4.989,0,0.333,0,0.4376,LOW,0.2812,0.8785
CHEMBL1809050,0.898,5.303,1,0.7329,0,0.7688,HIGH,0.8844,0.9434
CHEMBL550050,0.979,5.662,1,0.8969,0,0.9471,HIGH,0.9736,0.997
CHEMBL1784518,0.31,4.735,1,0.883,0,0.3692,HIGH,0.3154,0.2919
CHEMBL1684707,0.0809,5.482,1,0.7086,0,0.7908,HIGH,0.1046,0.0016
CHEMBL4071603,0.3851,4.958,1,0.7265,0,0.393,HIGH,0.3035,0.6584
CHEMBL4847134,0.1367,4.797,1,0.7166,0,0.7125,HIGH,0.1437,0.113
CHEMBL1096467,0.61,5.462,0,0.2794,1,0.0181,LOW,0.5091,0.9479
CHEMBL203169,0.1468,4.925,0,0.4735,0,0.6932,LOW,0.1534,0.1247
CHEMBL3953821,0.1488,4.82,1,0.524,0,0.7002,HIGH,0.1499,0.1452
CHEMBL4870336,0.0438,5.432,1,0.7171,0,0.8883,HIGH,0.0558,0.0036
CHEMBL4476275,0.6184,5.806,0,0.3828,1,0.0653,LOW,0.5327,0.9055
CHEMBL1428317,0.1743,5.094,0,0.2385,0,0.7615,LOW,0.1192,0.3586
CHEMBL550669,0.434,4.876,1,0.6858,0,0.2062,HIGH,0.3969,0.558
CHEMBL4450982,0.3286,4.864,1,0.5027,0,0.4007,HIGH,0.2996,0.4255
CHEMBL1097883,0.3065,5.067,0,0.4145,0,0.5315,LOW,0.2343,0.5483
CHEMBL1823047,0.3065,5.067,0,0.4145,0,0.5315,LOW,0.2343,0.5483
CHEMBL3263281,0.0572,4.484,1,0.5747,0,0.853,HIGH,0.0735,0.0026
CHEMBL3605137,0.7251,5.891,1,0.782,0,0.3293,HIGH,0.6647,0.9276
CHEMBL3764357,0.4342,5.557,1,0.7267,1,0.1819,MEDIUM,0.409,0.5184
DZZKIDMXCAMPCD-UHFFFAOYSA-N,0.8254,5.709,1,0.5004,0,0.5488,HIGH,0.7744,0.996
CHEMBL3330442,0.1969,4.429,0,0.3804,0,0.524,LOW,0.238,0.0591
FAJSIIRTCMBKCV-UHFFFAOYSA-N,0.6424,5.235,1,0.5356,0,0.3017,HIGH,0.6509,0.6142
CHEMBL4785112,0.7636,5.899,0,0.269,0,0.46,LOW,0.73,0.876
CHEMBL4792482,0.9469,8.013,1,0.7557,0,0.8697,HIGH,0.9349,0.9871
CHEMBL2017103,0.9566,5.53,1,0.6335,0,0.8988,HIGH,0.9494,0.9809
CHEMBL3904539,0.0806,4.665,1,0.5868,0,0.8375,HIGH,0.0813,0.0784
CHEMBL4576684,0.6115,5.526,1,0.5285,0,0.3617,HIGH,0.6808,0.3793
CHEMBL3604692,0.733,6.184,1,0.6032,0,0.3692,HIGH,0.6846,0.8949
CHEMBL3215681,0.3519,5.072,1,0.5224,0,0.3586,HIGH,0.3207,0.4565
FBLXPLWOASVECE-GASCZTMLSA-N,0.1555,5.445,1,0.6268,0,0.6476,HIGH,0.1762,0.0861
CHEMBL3605119,0.5625,5.452,1,0.7392,1,0.0559,MEDIUM,0.5279,0.6782
CHEMBL429479,0.2088,4.755,1,0.8126,0,0.6528,HIGH,0.1736,0.3267
CHEMBL2165094,0.6783,6.045,0,0.4223,0,0.5077,LOW,0.7538,0.4254
CHEMBL1084309,0.8759,6.054,0,0.3785,0,0.768,LOW,0.884,0.8488
FCLQKBPRTZWHGX-OAHLLOKOSA-N,0.7956,5.202,1,0.5264,0,0.4741,HIGH,0.7371,0.9916
CHEMBL2315922,0.0755,4.236,1,0.7091,0,0.8353,HIGH,0.0823,0.0526
CHEMBL3927609,0.4113,4.931,1,0.666,1,0.1446,MEDIUM,0.4277,0.3563
CHEMBL466252,0.5998,5.879,1,0.7071,1,0.1115,MEDIUM,0.5557,0.7472
FDCGTJLLXGZZIX-UHFFFAOYSA-N,0.6875,5.417,1,0.5317,0,0.3103,HIGH,0.6552,0.7959
CHEMBL404851,0.771,5.55,1,0.7135,0,0.5742,HIGH,0.7871,0.7171
CHEMBL4460019,0.3088,4.823,1,0.6248,0,0.5046,HIGH,0.2477,0.5134
CHEMBL252838,0.3419,5.177,1,0.6567,0,0.4756,HIGH,0.2622,0.6086
CHEMBL4522004,0.9456,5.412,1,0.6249,0,0.872,HIGH,0.936,0.9779
CHEMBL4109308,0.1325,4.633,1,0.7656,0,0.7131,HIGH,0.1435,0.0958
FDUQYLYBWZAWAD-CLYVBNDRSA-N,0.9645,7.486,1,0.7259,0,0.9402,HIGH,0.9701,0.9456
CHEMBL3823095,0.5467,5.072,0,0.467,1,0.1329,LOW,0.4336,0.9255
FEFBPYNHJGWXIF-UHFFFAOYSA-N,0.9159,6.112,1,0.498,0,0.7904,HIGH,0.8952,0.9853
CHEMBL2207276,0.5879,5.388,1,0.6247,0,0.3097,HIGH,0.6548,0.3637
FEMZZWDTVCQYBW-OAHLLOKOSA-N,0.6247,4.983,1,0.6128,0,0.3168,HIGH,0.6584,0.5121
CHEMBL3785118,0.3286,4.697,1,0.7939,0,0.4461,HIGH,0.2769,0.5013
CHEMBL3916677,0.2665,4.928,1,0.7491,0,0.6495,HIGH,0.1753,0.5718
CHEMBL1813314,0.8968,5.299,1,0.6596,0,0.759,HIGH,0.8795,0.9548
CHEMBL1813315,0.8968,5.299,1,0.6596,0,0.759,HIGH,0.8795,0.9548
CHEMBL224547,0.7673,5.656,1,0.7327,0,0.6437,HIGH,0.8219,0.5844
CHEMBL1241546,0.9055,5.624,1,0.7012,0,0.7772,HIGH,0.8886,0.9619
CHEMBL1289268,0.7162,5.206,1,0.7667,0,0.383,HIGH,0.6915,0.7987
CHEMBL2391644,0.0963,5.15,1,0.7086,0,0.7885,HIGH,0.1057,0.0649
CHEMBL2391649,0.0812,5.012,1,0.6361,0,0.7902,HIGH,0.1049,0.0017
CHEMBL2164213,0.8741,5.703,1,0.5824,0,0.6953,HIGH,0.8476,0.9629
CHEMBL3786486,0.8552,5.731,0,0.49,0,0.668,LOW,0.834,0.9262
CHEMBL1085567,0.7867,5.256,0,0.4811,0,0.5535,LOW,0.7768,0.8197
CHEMBL4746816,0.7546,5.975,0,0.2868,0,0.4851,LOW,0.7426,0.795
CHEMBL219916,0.8826,6.165,1,0.5502,0,0.695,HIGH,0.8475,1.0
CHEMBL1089301,0.6582,5.434,1,0.626,0,0.2609,HIGH,0.6304,0.7511
CHEMBL2424886,0.2263,4.521,1,0.6743,0,0.5724,HIGH,0.2138,0.2682
CHEMBL2204276,0.444,5.219,1,0.6815,1,0.0382,MEDIUM,0.5191,0.1925
FIMNMHMOKYVGGK-IBGZPJMESA-N,0.0722,4.94,0,0.3812,0,0.8235,LOW,0.0883,0.0185
FIMZNQUQEXSZGK-UHFFFAOYSA-N,0.1849,5.237,1,0.6291,0,0.5637,HIGH,0.2182,0.0733
CHEMBL4081974,0.3363,5.483,0,0.2629,1,0.1279,LOW,0.4361,0.0021
CHEMBL3422762,0.6839,5.252,1,0.6536,0,0.2779,HIGH,0.6389,0.8345
CHEMBL558928,0.5575,5.293,1,0.6489,0,0.2288,HIGH,0.6144,0.3672
CHEMBL2435856,0.2011,4.678,0,0.4416,0,0.6909,LOW,0.1546,0.3569
CHEMBL4094901,0.6089,5.461,1,0.6545,1,0.1777,MEDIUM,0.5889,0.6758
CHEMBL219128,0.1266,4.422,1,0.5034,0,0.8143,HIGH,0.0929,0.2393
CHEMBL507360,0.7572,5.253,1,0.6973,0,0.7046,HIGH,0.8523,0.4388
CHEMBL242601,0.8497,5.465,1,0.6335,0,0.6237,HIGH,0.8119,0.9763
CHEMBL4756181,0.4171,5.245,1,0.7429,1,0.0799,MEDIUM,0.46,0.2731
CHEMBL2312540,0.866,5.742,1,0.5906,0,0.7102,HIGH,0.8551,0.9026
CHEMBL2204267,0.1878,4.562,1,0.7249,0,0.5371,HIGH,0.2315,0.0416
FKMPWZBMYSKEJD-GUBFDYSESA-N,0.8085,6.017,1,0.6952,0,0.6561,HIGH,0.8281,0.7428
CHEMBL3134098,0.1462,5.148,0,0.2736,0,0.6203,LOW,0.1898,0.0
CHEMBL1910107,0.5825,5.198,1,0.6482,1,0.077,MEDIUM,0.5385,0.7299
CHEMBL3703221,0.3018,5.379,1,0.678,0,0.5454,HIGH,0.2273,0.5512
FLAIYKQKJCPHBG-UHFFFAOYSA-N,0.8047,5.233,1,0.5728,0,0.566,HIGH,0.783,0.8774
CHEMBL4777155,0.5844,4.942,1,0.6646,1,0.0806,MEDIUM,0.5403,0.7321
FLLIMXCHPPVPAF-UHFFFAOYSA-N,0.9281,6.375,1,0.4977,0,0.817,HIGH,0.9085,0.9937
CHEMBL148159,0.6345,5.328,0,0.3514,0,0.3519,LOW,0.6759,0.4958
CHEMBL2382372,0.1688,4.955,1,0.5619,0,0.5878,HIGH,0.2061,0.0439
CHEMBL2017113,0.7763,5.041,1,0.5137,0,0.4957,HIGH,0.7479,0.8714
CHEMBL4639326,0.0545,5.379,1,0.6619,0,0.8594,HIGH,0.0703,0.0014
CHEMBL4094315,0.1571,4.652,0,0.354,0,0.6362,LOW,0.1819,0.074
CHEMBL529968,0.7433,5.454,0,0.3596,0,0.3437,LOW,0.6719,0.9823
CHEMBL3640290,0.2006,4.816,0,0.2353,0,0.7288,LOW,0.1356,0.4184
CHEMBL3605146,0.7969,6.139,1,0.7823,0,0.5605,HIGH,0.7802,0.8525
FNQUSRALNJBLQF-GFCCVEGCSA-N,0.8706,5.588,1,0.5519,0,0.6868,HIGH,0.8434,0.9615
CHEMBL1086275,0.8788,5.643,0,0.418,0,0.7138,LOW,0.8569,0.9522
CHEMBL4535475,0.1402,4.878,1,0.661,0,0.8281,HIGH,0.0859,0.3219
FOMRZINSAAHONZ-UHFFFAOYSA-N,0.791,5.376,1,0.5453,0,0.4824,HIGH,0.7412,0.9577
CHEMBL3703257,0.3982,5.245,1,0.5775,1,0.1511,MEDIUM,0.4244,0.3105
CHEMBL3359236,0.9502,6.2,0,0.4628,0,0.8724,LOW,0.9362,0.9968
CHEMBL4290579,0.3463,5.294,0,0.2265,1,0.1833,LOW,0.4083,0.1385
CHEMBL5076377,0.0257,4.688,1,0.7754,0,0.9339,HIGH,0.0331,0.001
CHEMBL2029412,0.3795,4.707,1,0.7178,1,0.0705,MEDIUM,0.4647,0.0941
CHEMBL2062564,0.1426,4.904,1,0.5861,0,0.817,HIGH,0.0915,0.3136
CHEMBL2041165,0.4367,4.97,1,0.7863,1,0.1354,MEDIUM,0.4323,0.4517
CHEMBL1094514,0.7014,5.429,0,0.3072,0,0.2429,LOW,0.6214,0.9693
FQRLKHMVWRAWRE-QHCPKHFHSA-N,0.2099,5.104,0,0.2713,0,0.5564,LOW,0.2218,0.17
CHEMBL3311308,0.2994,5.343,0,0.3273,0,0.2382,LOW,0.3809,0.0266
CHEMBL245642,0.7042,5.415,1,0.6871,0,0.2815,HIGH,0.6408,0.9167
CHEMBL3586439,0.1872,4.705,0,0.3969,0,0.7575,LOW,0.1212,0.408
CHEMBL4071981,0.1632,4.809,1,0.6739,0,0.6097,HIGH,0.1951,0.0561
FRYWDPTWXKMFIV-UHFFFAOYSA-N,0.8972,5.355,1,0.6502,0,0.7345,HIGH,0.8672,0.9976
CHEMBL3422979,0.6676,5.871,1,0.5338,1,0.1447,MEDIUM,0.5723,0.9864
CHEMBL3806029,0.1581,4.635,1,0.5178,0,0.7348,HIGH,0.1326,0.2436
CHEMBL4176986,0.4013,5.41,0,0.3289,0,0.3867,LOW,0.3066,0.7181
FSTHGSHNUJDEBM-UHFFFAOYSA-N,0.9702,5.562,1,0.6976,0,0.9246,HIGH,0.9623,0.9965
CHEMBL1770720,0.2603,4.743,0,0.2896,0,0.4819,LOW,0.259,0.2646
CHEMBL2409400,0.1623,4.895,1,0.7567,0,0.6597,HIGH,0.1701,0.1362
CHEMBL4526887,0.4844,5.103,0,0.2593,1,0.1556,LOW,0.4222,0.6926
FTZUSUCWKLTUPK-UHFFFAOYSA-N,0.0869,4.963,0,0.4085,0,0.7743,LOW,0.1128,0.0001
CHEMBL1989453,0.1932,5.055,0,0.3053,0,0.5806,LOW,0.2097,0.138
CHEMBL1242717,0.7891,5.606,1,0.8094,0,0.5724,HIGH,0.7862,0.7987
CHEMBL4441529,0.2616,4.915,0,0.2807,0,0.5218,LOW,0.2391,0.337
CHEMBL4098469,0.2918,5.023,0,0.4231,0,0.5674,LOW,0.2163,0.5447
CHEMBL4761704,0.5206,5.267,1,0.7245,1,0.025,MEDIUM,0.5125,0.5479
CHEMBL568294,0.3293,4.921,1,0.6132,0,0.2656,HIGH,0.3672,0.2025
CHEMBL4288848,0.9555,6.508,0,0.4927,0,0.8844,LOW,0.9422,1.0
CHEMBL4516327,0.9854,6.096,1,0.6006,0,0.9628,HIGH,0.9814,0.9988
CHEMBL2204244,0.2089,4.675,1,0.8088,0,0.5957,HIGH,0.2022,0.2315
CHEMBL270314,0.9403,5.961,1,0.7223,0,0.8539,HIGH,0.927,0.9848
CHEMBL4208812,0.1543,6.463,1,0.721,0,0.6113,HIGH,0.1944,0.0201
CHEMBL221906,0.8263,6.222,1,0.7602,0,0.5491,HIGH,0.7745,0.9997
CHEMBL1086274,0.6521,5.19,0,0.4208,0,0.2087,LOW,0.6043,0.8121
CHEMBL2028049,0.35,5.475,0,0.3481,0,0.4165,LOW,0.2917,0.5451
CHEMBL1530629,0.5488,5.655,0,0.4383,1,0.124,LOW,0.438,0.9196
FXQQYKFRGWXMDW-UHFFFAOYSA-N,0.9092,5.866,1,0.5163,0,0.7667,HIGH,0.8834,0.9956
CHEMBL4293085,0.0689,4.574,0,0.4725,0,0.8391,LOW,0.0805,0.0302
CHEMBL2147308,0.3254,5.011,0,0.4586,0,0.3384,LOW,0.3308,0.3075
CHEMBL224918,0.3342,5.402,1,0.7621,0,0.352,HIGH,0.324,0.3683
FYKIECZTVKTYET-JTQLQIEISA-N,0.1316,5.251,1,0.5015,0,0.6582,HIGH,0.1709,0.0
FYKIECZTVKTYET-SNVBAGLBSA-N,0.1316,5.251,1,0.5015,0,0.6582,HIGH,0.1709,0.0
CHEMBL4571117,0.139,4.554,1,0.6672,0,0.7887,HIGH,0.1056,0.2509
CHEMBL4476261,0.1632,4.621,1,0.7064,0,0.7027,HIGH,0.1486,0.2121
CHEMBL3793411,0.3027,4.678,1,0.759,0,0.6469,HIGH,0.1766,0.7248
CHEMBL602234,0.7966,5.703,0,0.2972,0,0.5122,LOW,0.7561,0.932
FZGLMUVHAHVYRQ-CVEARBPZSA-N,0.2138,4.809,1,0.7732,0,0.653,HIGH,0.1735,0.3488
FZGLMUVHAHVYRQ-HZPDHXFCSA-N,0.2138,4.809,1,0.7732,0,0.653,HIGH,0.1735,0.3488
FZGLMUVHAHVYRQ-JKSUJKDBSA-N,0.2138,4.809,1,0.7732,0,0.653,HIGH,0.1735,0.3488
CHEMBL2382343,0.2322,4.912,1,0.5942,0,0.4556,HIGH,0.2722,0.0984
FZTPMTQPUZYBDM-SFTDATJTSA-N,0.145,4.665,1,0.8176,0,0.7145,HIGH,0.1428,0.1525
CHEMBL3752154,0.5833,4.894,1,0.7149,1,0.0145,MEDIUM,0.5072,0.8378
CHEMBL4868942,0.4751,4.964,1,0.5577,1,0.0968,MEDIUM,0.4516,0.5535
FZYICVLAEKDHNV-UHFFFAOYSA-N,0.9754,6.858,1,0.728,0,0.9362,HIGH,0.9681,1.0
CHEMBL550308,0.8186,5.584,1,0.6091,0,0.5332,HIGH,0.7666,0.9926
GALVKTOSMSQDOV-IAGOWNOFSA-N,0.1184,4.383,1,0.7097,0,0.8134,HIGH,0.0933,0.2024
CHEMBL4528630,0.8402,6.129,1,0.5951,0,0.5954,HIGH,0.7977,0.9826
GAVBLSFCTDBORN-KRWDZBQOSA-N,0.9157,5.842,0,0.377,0,0.7992,LOW,0.8996,0.9695
CHEMBL4859888,0.3046,5.087,0,0.3412,0,0.3832,LOW,0.3084,0.2917
CHEMBL399284,0.2516,5.189,0,0.3848,0,0.5738,LOW,0.2131,0.3803
CHEMBL1094211,0.745,5.642,1,0.6282,0,0.3416,HIGH,0.6708,0.9932
CHEMBL1774835,0.7545,5.837,0,0.2453,0,0.4851,LOW,0.7425,0.7948
CHEMBL4791562,0.9149,7.36,1,0.7022,0,0.7808,HIGH,0.8904,0.9969
CHEMBL4640840,0.3461,5.576,1,0.5694,0,0.6453,HIGH,0.1773,0.9112
CHEMBL3605125,0.7118,5.86,1,0.7556,0,0.3736,HIGH,0.6868,0.7955
CHEMBL1485892,0.7192,5.778,0,0.3789,0,0.2725,LOW,0.6363,0.997
GBYLJBVPBPYLRC-UHFFFAOYSA-N,0.1445,4.815,1,0.7974,0,0.7196,HIGH,0.1402,0.159
CHEMBL4753698,0.058,4.557,0,0.186,0,0.8494,LOW,0.0753,0.0
CHEMBL247648,0.1087,4.915,1,0.5764,0,0.7188,HIGH,0.1406,0.0021
GCNZXETZIBQOCG-UHFFFAOYSA-N,0.9029,5.455,1,0.5491,0,0.7531,HIGH,0.8765,0.9912
CHEMBL218410,0.0804,4.494,0,0.4695,0,0.8567,LOW,0.0717,0.1095
CHEMBL1809073,0.5219,5.076,1,0.7164,1,0.0561,MEDIUM,0.5281,0.5014
CHEMBL3957343,0.2168,5.424,0,0.4169,0,0.4479,LOW,0.2761,0.0186
CHEMBL3798527,0.1724,4.71,0,0.2716,0,0.5544,LOW,0.2228,0.0038
CHEMBL1170926,0.3596,4.873,0,0.4803,0,0.222,LOW,0.389,0.2613
CHEMBL2364639,0.3879,4.903,0,0.3528,0,0.5551,LOW,0.2225,0.9417
CHEMBL2048592,0.5152,5.369,0,0.4374,1,0.1407,LOW,0.5704,0.3306
CHEMBL1092377,0.9432,5.62,1,0.6638,0,0.9057,HIGH,0.9529,0.9108
CHEMBL1684954,0.5681,5.441,1,0.6554,1,0.0058,MEDIUM,0.4971,0.8058
GEZJANXQGHIRIL-UHFFFAOYSA-N,0.0463,4.848,1,0.782,0,0.8976,HIGH,0.0512,0.03
GFGDEBIFXMGQCV-UHFFFAOYSA-N,0.9184,6.24,0,0.4374,0,0.8213,LOW,0.9107,0.9441
CHEMBL4862137,0.229,4.806,1,0.6556,0,0.6281,HIGH,0.1859,0.3731
CHEMBL2017087,0.1387,4.966,0,0.3617,0,0.7367,LOW,0.1316,0.1622
CHEMBL539863,0.4438,6.057,0,0.3805,1,0.0503,LOW,0.4749,0.34
CHEMBL564741,0.9191,5.648,1,0.5173,0,0.7909,HIGH,0.8955,0.9982
CHEMBL4525653,0.8315,5.95,1,0.5817,0,0.8271,HIGH,0.9135,0.5568
CHEMBL4573960,0.8315,5.95,1,0.5817,0,0.8271,HIGH,0.9135,0.5568
GFSLVODSBSASAE-UHFFFAOYSA-N,0.9375,5.782,1,0.5544,0,0.8387,HIGH,0.9193,0.9983
CHEMBL519252,0.8773,5.614,1,0.6428,0,0.6826,HIGH,0.8413,0.9976
CHEMBL2324241,0.9061,5.789,0,0.4588,0,0.7582,LOW,0.8791,0.9964
CHEMBL4848550,0.9441,5.804,0,0.3948,0,0.8574,LOW,0.9287,0.9958
CHEMBL4869437,0.9441,5.804,0,0.3948,0,0.8574,LOW,0.9287,0.9958
CHEMBL4748367,0.5335,5.135,0,0.2601,1,0.102,LOW,0.449,0.8163
CHEMBL4845782,0.4475,5.458,0,0.3608,1,0.0913,LOW,0.4544,0.4244
GHAFGFMIKAKPNE-UHFFFAOYSA-N,0.1448,4.858,1,0.7233,0,0.6449,HIGH,0.1776,0.035
CHEMBL2070936,0.1928,5.003,1,0.6008,0,0.5726,HIGH,0.2137,0.1229
CHEMBL4641459,0.7501,5.548,0,0.2862,0,0.4363,LOW,0.7182,0.857
CHEMBL1382216,0.1259,4.843,0,0.3215,0,0.6731,LOW,0.1635,0.0002
CHEMBL3605143,0.8168,6.281,1,0.7648,0,0.5735,HIGH,0.7868,0.9173
CHEMBL3900512,0.9662,5.882,1,0.8044,0,0.9124,HIGH,0.9562,0.9994
CHEMBL2012030,0.9045,5.738,1,0.6568,0,0.7548,HIGH,0.8774,0.9953
GIRNNXRPCSPWRH-QGZVFWFLSA-N,0.7129,5.029,1,0.6517,0,0.4668,HIGH,0.7334,0.6444
CHEMBL3608755,0.0437,4.383,1,0.755,0,0.9609,HIGH,0.0195,0.1245
CHEMBL4567042,0.7949,6.107,1,0.7438,0,0.6698,HIGH,0.8349,0.6608
CHEMBL4463714,0.3032,5.268,0,0.2564,0,0.5872,LOW,0.2064,0.6271
CHEMBL247823,0.4801,5.074,0,0.4718,1,0.1407,LOW,0.4297,0.6491
CHEMBL216323,0.4006,4.951,1,0.762,0,0.3095,HIGH,0.3452,0.586
CHEMBL5089365,0.8908,5.363,1,0.6637,0,0.7169,HIGH,0.8585,0.9991
GJDSWDTYDJNYHK-QZTJIDSGSA-N,0.2268,4.65,1,0.6517,0,0.6575,HIGH,0.1713,0.4127
GJESUBAPEJHPIP-UHFFFAOYSA-N,0.0781,4.773,1,0.5814,0,0.8477,HIGH,0.0761,0.0847
CHEMBL553238,0.9217,5.848,1,0.5842,0,0.8274,HIGH,0.9137,0.9483
CHEMBL2207277,0.4702,5.339,1,0.6033,1,0.0605,MEDIUM,0.5303,0.2692
CHEMBL3415597,0.4336,5.1,1,0.6517,1,0.0653,MEDIUM,0.5326,0.102
CHEMBL4866102,0.67,5.751,0,0.2915,0,0.2894,LOW,0.6447,0.7549
GKZODULLMBHNRP-UHFFFAOYSA-N,0.2474,5.006,0,0.467,0,0.5946,LOW,0.2027,0.3969
GLAFJHYUSDSQSZ-MRXNPFEDSA-N,0.8767,5.16,0,0.4812,0,0.6948,LOW,0.8474,0.9747
CHEMBL2022867,0.5791,5.455,0,0.3255,1,0.1266,LOW,0.5633,0.6319
CHEMBL4633025,0.258,5.749,1,0.73,0,0.5818,HIGH,0.2091,0.4216
CHEMBL3218997,0.796,5.857,1,0.5442,0,0.5242,HIGH,0.7621,0.9096
CHEMBL2017111,0.4028,4.932,1,0.4994,0,0.2937,HIGH,0.3532,0.569
GMXHMQMYAPKEPQ-UHFFFAOYSA-N,0.0914,5.506,1,0.5896,0,0.77,HIGH,0.115,0.0124
CHEMBL1835999,0.25,5.2,1,0.5473,0,0.4887,HIGH,0.2556,0.2312
CHEMBL379690,0.3977,5.111,1,0.6581,1,0.0973,MEDIUM,0.4513,0.2182
CHEMBL2324239,0.9165,5.992,1,0.5276,0,0.7855,HIGH,0.8927,0.9962
GNOFMAJGHCHTED-UHFFFAOYSA-N,0.816,5.723,0,0.4818,0,0.5228,LOW,0.7614,0.9986
CHEMBL4218894,0.1717,4.94,1,0.6816,0,0.6136,HIGH,0.1932,0.0998
CHEMBL1835150,0.5737,5.228,1,0.6944,0,0.2236,HIGH,0.6118,0.446
CHEMBL4164312,0.8064,5.447,0,0.3782,0,0.5409,LOW,0.7704,0.9267
GOMIDUKJIYVMRM-UHFFFAOYSA-N,0.8457,5.355,0,0.4488,0,0.6124,LOW,0.8062,0.978
CHEMBL581489,0.0974,5.658,0,0.4369,0,0.7729,LOW,0.1136,0.0435
GOQCONHIZCNEEW-UHFFFAOYSA-N,0.0269,4.727,1,0.7113,0,0.9334,HIGH,0.0333,0.0054
CHEMBL4284935,0.1224,4.974,0,0.2795,0,0.6948,LOW,0.1526,0.0214
CHEMBL1619026,0.7498,5.149,0,0.3572,0,0.4103,LOW,0.7052,0.8994
GPSDQFZLEDKOLT-UHFFFAOYSA-N,0.5768,5.197,1,0.6244,1,0.0685,MEDIUM,0.5343,0.7194
CHEMBL4872359,0.3136,4.911,1,0.7537,0,0.7068,HIGH,0.1466,0.873
CHEMBL4076097,0.6337,5.291,1,0.6505,0,0.367,HIGH,0.6835,0.4667
CHEMBL4451430,0.5347,5.122,1,0.498,1,0.044,MEDIUM,0.478,0.7243
CHEMBL563700,0.7707,5.353,1,0.7774,0,0.5103,HIGH,0.7551,0.8226
CHEMBL3422967,0.6893,5.919,1,0.5428,1,0.1955,MEDIUM,0.5977,0.9958
CHEMBL4519474,0.0557,4.856,1,0.5266,0,0.9023,HIGH,0.0489,0.0784
CHEMBL53661,0.9503,6.312,1,0.6376,0,0.891,HIGH,0.9455,0.9664
CHEMBL4532124,0.1944,4.927,0,0.3927,0,0.5257,LOW,0.2372,0.0512
CHEMBL1684684,0.0656,5.258,1,0.7024,0,0.8336,HIGH,0.0832,0.0065
CHEMBL4093614,0.1395,5.231,0,0.3714,0,0.7043,LOW,0.1478,0.1117
CHEMBL245969,0.286,4.76,1,0.5534,0,0.682,HIGH,0.159,0.7113
GUDINVDDTUIEOB-UHFFFAOYSA-N,0.7217,5.314,1,0.5249,0,0.4259,HIGH,0.713,0.7508
CHEMBL17157,0.9096,6.612,1,0.5258,0,0.7702,HIGH,0.8851,0.9918
CHEMBL4515510,0.1738,4.601,1,0.5826,0,0.6951,HIGH,0.1524,0.2453
CHEMBL3890736,0.3944,4.92,0,0.4911,0,0.3057,LOW,0.3471,0.5525
CHEMBL4779384,0.9288,7.358,1,0.6776,0,0.8158,HIGH,0.9079,0.9988
CHEMBL3422768,0.5466,5.403,1,0.7234,1,0.1485,MEDIUM,0.4257,0.9513
CHEMBL3822619,0.4865,5.017,1,0.5449,1,0.012,MEDIUM,0.494,0.4614
CHEMBL1096494,0.1161,5.345,1,0.7117,0,0.7727,HIGH,0.1136,0.1246
CHEMBL3310484,0.9288,5.743,0,0.3518,0,0.8346,LOW,0.9173,0.9673
CHEMBL4090491,0.2923,4.669,1,0.6697,0,0.6584,HIGH,0.1708,0.6991
CHEMBL1761673,0.95,6.178,1,0.7589,0,0.8702,HIGH,0.9351,1.0
CHEMBL4462577,0.1884,5.166,0,0.3878,0,0.5474,LOW,0.2263,0.0617
CHEMBL375571,0.2334,4.732,1,0.5185,0,0.7273,HIGH,0.1364,0.5581
CHEMBL3084348,0.6953,5.531,1,0.5804,0,0.2879,HIGH,0.644,0.8673
GWIZXXHLLCWNHJ-UHFFFAOYSA-N,0.9707,5.89,1,0.7241,0,0.9262,HIGH,0.9631,0.996
CHEMBL4634180,0.0645,5.347,1,0.6264,0,0.8483,HIGH,0.0758,0.0266
CHEMBL4578698,0.4115,5.062,1,0.6218,1,0.0772,MEDIUM,0.4614,0.2445
CHEMBL2207657,0.837,5.548,1,0.5754,0,0.7545,HIGH,0.8772,0.7023
CHEMBL3785343,0.3672,5.025,1,0.6181,0,0.2083,HIGH,0.3958,0.2715
CHEMBL3764895,0.313,5.257,1,0.7762,0,0.223,HIGH,0.3885,0.0602
CHEMBL1616787,0.8131,6.037,0,0.3587,0,0.5177,LOW,0.7589,0.9946
CHEMBL4217023,0.4158,5.033,1,0.7232,0,0.2522,HIGH,0.3739,0.5562
CHEMBL1684698,0.1426,5.36,1,0.6892,0,0.6297,HIGH,0.1852,0.0002
CHEMBL3906863,0.7967,5.377,1,0.6451,0,0.7262,HIGH,0.8631,0.5742
CHEMBL3605122,0.5718,5.694,1,0.7845,1,0.0374,MEDIUM,0.4813,0.8749
CHEMBL3290012,0.9611,6.329,1,0.4953,0,0.8991,HIGH,0.9495,1.0
CHEMBL2333617,0.7456,5.036,1,0.5588,0,0.4436,HIGH,0.7218,0.8254
CHEMBL572996,0.1081,5.041,1,0.6319,0,0.7595,HIGH,0.1202,0.0676
CHEMBL4205778,0.2165,5.543,1,0.5499,0,0.5025,HIGH,0.2487,0.1084
CHEMBL4544141,0.2372,4.62,1,0.7334,0,0.638,HIGH,0.181,0.4252
CHEMBL253024,0.9874,6.684,1,0.8304,0,0.9724,HIGH,0.9862,0.9916
CHEMBL375131,0.8583,5.583,1,0.5007,0,0.7246,HIGH,0.8623,0.8451
CHEMBL4159383,0.3858,5.112,0,0.3098,0,0.357,LOW,0.3215,0.6011
CHEMBL4094185,0.2316,5.197,0,0.4245,0,0.4124,LOW,0.2938,0.0234
CHEMBL4060757,0.4627,5.488,1,0.7632,1,0.0975,MEDIUM,0.5488,0.1747
CHEMBL4240867,0.9683,5.704,1,0.6659,0,0.918,HIGH,0.959,0.9994
CHEMBL257536,0.6448,5.53,1,0.6268,0,0.2303,HIGH,0.6151,0.7443
CHEMBL4450947,0.9469,5.978,1,0.706,0,0.8627,HIGH,0.9314,0.9989
CHEMBL5073598,0.5525,5.024,0,0.3575,1,0.0556,LOW,0.5278,0.635
CHEMBL4105630,0.4377,5.136,0,0.2351,1,0.1064,LOW,0.4468,0.4075
CHEMBL2031477,0.533,5.088,1,0.5251,1,0.1733,MEDIUM,0.4133,0.9338
CHEMBL1823049,0.4684,5.051,0,0.3984,0,0.2503,LOW,0.3748,0.7815
CHEMBL4868731,0.0919,4.689,1,0.6032,0,0.7681,HIGH,0.1159,0.0115
CHEMBL1833986,0.5534,5.546,1,0.6452,1,0.032,MEDIUM,0.516,0.6786
HBIASEVIOCHSGV-UHFFFAOYSA-N,0.0854,4.706,1,0.7231,0,0.865,HIGH,0.0675,0.1453
CHEMBL3605120,0.6062,5.304,1,0.8001,1,0.0244,MEDIUM,0.5122,0.9209
CHEMBL4216476,0.0403,5.171,1,0.7494,0,0.9439,HIGH,0.0281,0.0811
CHEMBL4102183,0.5497,5.222,1,0.674,1,0.1702,MEDIUM,0.5851,0.4311
CHEMBL1223954,0.9584,6.213,1,0.6399,0,0.8982,HIGH,0.9491,0.9897
CHEMBL2333622,0.8447,5.341,1,0.6608,0,0.5966,HIGH,0.7983,1.0
CHEMBL5085580,0.0806,4.709,1,0.5752,0,0.828,HIGH,0.086,0.0627
HCSAQIRIRKRLLP-UHFFFAOYSA-N,0.6663,5.111,1,0.6797,0,0.3106,HIGH,0.6553,0.7031
HDTIDWILXIEUPR-UHFFFAOYSA-N,0.944,5.84,1,0.6713,0,0.856,HIGH,0.928,0.9974
CHEMBL2204940,0.8585,5.755,1,0.8215,0,0.8452,HIGH,0.9226,0.6439
CHEMBL446703,0.5714,5.447,0,0.4686,1,0.008,LOW,0.504,0.7969
CHEMBL4781364,0.4169,4.608,1,0.5497,0,0.2481,HIGH,0.3759,0.5539
CHEMBL4778578,0.4169,4.608,1,0.5497,0,0.2481,HIGH,0.3759,0.5539
CHEMBL4282585,0.7794,5.124,1,0.7946,0,0.6801,HIGH,0.8401,0.5765
CHEMBL5081532,0.5666,5.033,1,0.6708,1,0.011,MEDIUM,0.5055,0.7713
CHEMBL4641678,0.3257,5.321,0,0.4573,0,0.3713,LOW,0.3144,0.3639
CHEMBL248195,0.1409,5.055,1,0.6182,0,0.6355,HIGH,0.1823,0.0024
HEPHASPZCGRUAG-UHFFFAOYSA-N,0.5172,5.198,1,0.5875,1,0.0893,MEDIUM,0.5447,0.4252
CHEMBL1223817,0.8223,6.863,1,0.6173,0,0.5487,HIGH,0.7744,0.9829
CHEMBL1223871,0.8223,6.863,1,0.6173,0,0.5487,HIGH,0.7744,0.9829
CHEMBL3799115,0.3354,4.713,0,0.2881,0,0.3185,LOW,0.3408,0.3176
CHEMBL4752599,0.4666,5.248,1,0.7037,1,0.1051,MEDIUM,0.5526,0.1788
CHEMBL4435246,0.1312,5.029,0,0.345,0,0.6595,LOW,0.1703,0.0003
CHEMBL1224091,0.2202,4.261,0,0.3982,0,0.8073,LOW,0.0964,0.6348
HFKFXQMJPUSIQI-OLZOCXBDSA-N,0.258,5.047,1,0.5285,0,0.4999,HIGH,0.25,0.2848
HFLHZJWDDGOHGW-UHFFFAOYSA-N,0.0342,4.661,1,0.604,0,0.9331,HIGH,0.0334,0.0367
CHEMBL4799304,0.5223,5.087,1,0.7252,1,0.1121,MEDIUM,0.4439,0.7846
CHEMBL3194024,0.7025,5.434,0,0.3113,0,0.3892,LOW,0.6946,0.729
CHEMBL1095499,0.8958,6.431,1,0.7736,0,0.7539,HIGH,0.8769,0.959
CHEMBL4241692,0.1739,5.102,0,0.3994,0,0.6736,LOW,0.1632,0.2096
HGERVBWCKKJBMC-LJQANCHMSA-N,0.4731,5.079,1,0.5782,1,0.1056,MEDIUM,0.5528,0.2063
CHEMBL3605025,0.7525,5.904,1,0.7555,0,0.4363,HIGH,0.7181,0.8676
CHEMBL375419,0.9021,5.765,1,0.6357,0,0.7458,HIGH,0.8729,1.0
CHEMBL401777,0.9322,5.625,1,0.7631,0,0.8246,HIGH,0.9123,0.9987
CHEMBL4780286,0.2938,4.812,0,0.2876,0,0.4311,LOW,0.2844,0.325
CHEMBL446514,0.5259,5.71,1,0.6988,1,0.1027,MEDIUM,0.5514,0.4409
CHEMBL4082386,0.4496,4.909,1,0.7296,0,0.2289,HIGH,0.3855,0.6639
CHEMBL2391648,0.0956,5.186,1,0.6525,0,0.7598,HIGH,0.1201,0.0136
CHEMBL2436225,0.3003,5.239,0,0.2465,0,0.3575,LOW,0.3212,0.2303
HIJPXJUNOMZZGM-UHFFFAOYSA-N,0.0279,4.483,1,0.7193,0,0.9495,HIGH,0.0253,0.0366
CHEMBL233047,0.8485,6.165,0,0.3109,0,0.6597,LOW,0.8299,0.911
CHEMBL3822989,0.5114,4.923,1,0.5893,1,0.0494,MEDIUM,0.4753,0.6322
CHEMBL3804846,0.6401,5.963,0,0.2707,0,0.3437,LOW,0.6719,0.5336
CHEMBL2386629,0.2956,4.761,1,0.4954,0,0.3009,HIGH,0.3496,0.115
CHEMBL3787339,0.4277,5.065,0,0.3633,0,0.334,LOW,0.333,0.7446
CHEMBL4872591,0.7144,5.283,0,0.4804,0,0.4608,LOW,0.7304,0.6607
CHEMBL559940,0.2757,4.346,1,0.5398,0,0.5914,HIGH,0.2043,0.5147
CHEMBL3343216,0.8593,6.415,1,0.6083,0,0.6868,HIGH,0.8434,0.9126
CHEMBL2441438,0.675,5.076,1,0.7873,1,0.184,MEDIUM,0.592,0.9528
HJSOKBFUMBEYNW-PWECECGKSA-N,0.9776,7.603,1,0.7682,0,0.9421,HIGH,0.9711,0.9997
CHEMBL4448207,0.1612,4.88,1,0.5515,0,0.5896,HIGH,0.2052,0.0141
CHEMBL4526512,0.6998,5.713,1,0.6434,0,0.4136,HIGH,0.7068,0.6762
CHEMBL1242167,0.906,6.442,1,0.8428,0,0.9132,HIGH,0.9566,0.7366
CHEMBL4446835,0.2014,5.418,0,0.2654,0,0.5418,LOW,0.2291,0.1086
CHEMBL551935,0.1266,5.157,1,0.6997,0,0.7091,HIGH,0.1454,0.0637
CHEMBL2441430,0.9309,6.943,1,0.684,0,0.8206,HIGH,0.9103,0.9999
CHEMBL388978,0.6187,5.756,0,0.2139,0,0.2807,LOW,0.6404,0.5461
CHEMBL4079335,0.6802,5.449,1,0.6646,0,0.3001,HIGH,0.6501,0.781
CHEMBL3318986,0.592,5.612,1,0.5126,0,0.4621,HIGH,0.731,0.1267
CHEMBL558532,0.8868,5.912,1,0.6306,0,0.79,HIGH,0.895,0.8593
CHEMBL561392,0.5705,5.051,1,0.7715,1,0.0254,MEDIUM,0.4873,0.8489
CHEMBL465956,0.0777,4.988,1,0.8288,0,0.7997,HIGH,0.1001,0.0024
CHEMBL4062339,0.7469,5.087,1,0.6402,0,0.4006,HIGH,0.7003,0.9028
CHEMBL4173341,0.6365,5.426,1,0.689,1,0.0594,MEDIUM,0.5297,0.9938
CHEMBL1081203,0.9904,6.021,1,0.5917,0,0.9759,HIGH,0.988,0.9984
CHEMBL4637181,0.604,5.514,1,0.6349,0,0.3608,HIGH,0.6804,0.3483
CHEMBL558442,0.8735,5.754,1,0.6196,0,0.6773,HIGH,0.8387,0.9902
CHEMBL4075868,0.577,4.821,1,0.5515,1,0.0455,MEDIUM,0.5228,0.7588
CHEMBL1086524,0.9087,7.594,1,0.6498,0,0.78,HIGH,0.89,0.9712
CHEMBL209064,0.0695,4.676,1,0.5802,0,0.85,HIGH,0.075,0.0511
CHEMBL1094209,0.5273,5.183,0,0.311,1,0.1258,LOW,0.4371,0.8292
CHEMBL3596507,0.1586,4.853,1,0.7828,0,0.6624,HIGH,0.1688,0.1245
CHEMBL551543,0.4578,5.164,1,0.7324,1,0.1634,MEDIUM,0.4183,0.5899
CHEMBL1204009,0.6754,5.547,0,0.4196,0,0.5285,LOW,0.7642,0.3779
CHEMBL4748177,0.6745,5.376,1,0.556,0,0.264,HIGH,0.632,0.8168
HPNZHZQMNZAMPI-UHFFFAOYSA-N,0.0906,4.839,1,0.6612,0,0.8117,HIGH,0.0942,0.0788
CHEMBL3753902,0.4741,5.225,1,0.6835,1,0.1198,MEDIUM,0.4401,0.5878
CHEMBL1290732,0.2947,5.021,1,0.5164,0,0.4711,HIGH,0.2645,0.3961
CHEMBL1684694,0.1329,5.65,1,0.668,0,0.6557,HIGH,0.1721,0.0016
CHEMBL439304,0.4429,5.267,1,0.7108,0,0.4425,HIGH,0.2788,0.9924
CHEMBL4468979,0.9293,5.966,1,0.7982,0,0.8164,HIGH,0.9082,1.0
CHEMBL2380454,0.4961,5.002,1,0.6252,1,0.0096,MEDIUM,0.5048,0.4671
CHEMBL550535,0.685,5.717,1,0.7161,0,0.3478,HIGH,0.6739,0.722
CHEMBL4526150,0.4854,5.057,1,0.5201,1,0.0769,MEDIUM,0.4616,0.5652
CHEMBL271844,0.9861,6.04,1,0.7489,0,0.9699,HIGH,0.985,0.9899
CHEMBL4453520,0.3944,4.79,1,0.5539,0,0.4711,HIGH,0.2644,0.8294
CHEMBL3785774,0.5675,5.393,1,0.541,0,0.2614,HIGH,0.6307,0.3561
CHEMBL2315937,0.0853,4.5,1,0.6899,0,0.8258,HIGH,0.0871,0.0791
CHEMBL270227,0.9974,6.565,1,0.7332,0,0.9934,HIGH,0.9967,0.9999
CHEMBL2069926,0.2533,4.973,0,0.3798,0,0.3789,LOW,0.3105,0.0616
CHEMBL3207466,0.332,5.136,0,0.2418,0,0.3791,LOW,0.3104,0.4044
CHEMBL1425238,0.1618,5.688,0,0.3055,0,0.6051,LOW,0.1975,0.0426
CHEMBL1083405,0.8867,5.312,1,0.506,0,0.7383,HIGH,0.8692,0.9455
CHEMBL3962956,0.3209,5.387,1,0.5531,0,0.4694,HIGH,0.2653,0.507
CHEMBL4778540,0.3209,5.387,1,0.5531,0,0.4694,HIGH,0.2653,0.507
CHEMBL2036759,0.7115,5.714,1,0.6335,0,0.5012,HIGH,0.7506,0.5807
CHEMBL2376803,0.2251,5.294,1,0.7474,0,0.6256,HIGH,0.1872,0.3519
CHEMBL2159210,0.343,4.819,0,0.3702,1,0.1857,LOW,0.4071,0.1284
CHEMBL4446821,0.1198,5.249,1,0.7281,0,0.6966,HIGH,0.1517,0.0131
HTQBXNHDCUEHJF-UHFFFAOYSA-N,0.1716,5.217,0,0.2824,0,0.5745,LOW,0.2127,0.0337
CHEMBL4781849,0.5913,5.366,0,0.3375,1,0.0261,LOW,0.4869,0.9405
CHEMBL560289,0.6159,5.154,1,0.5052,1,0.0939,MEDIUM,0.5469,0.8467
CHEMBL4753307,0.7879,4.806,1,0.6691,0,0.4789,HIGH,0.7394,0.9503
CHEMBL4083549,0.4832,5.047,1,0.5746,1,0.0312,MEDIUM,0.5156,0.3747
HULQVTAEMIYULR-UHFFFAOYSA-N,0.056,5.066,1,0.5923,0,0.8597,HIGH,0.0701,0.0086
CHEMBL2017112,0.3913,4.866,0,0.4604,0,0.4131,LOW,0.2935,0.7189
CHEMBL1258605,0.9626,5.709,1,0.6819,0,0.9625,HIGH,0.9812,0.9001
CHEMBL1084132,0.3909,5.324,0,0.3567,0,0.3696,LOW,0.3152,0.6444
CHEMBL1923132,0.3782,4.889,1,0.7526,1,0.1146,MEDIUM,0.4427,0.1624
CHEMBL3590465,0.8025,6.451,1,0.4973,0,0.5461,HIGH,0.773,0.9012
CHEMBL2028066,0.608,5.834,0,0.244,0,0.4355,LOW,0.7177,0.2406
CHEMBL3769456,0.5373,5.117,1,0.6734,1,0.0599,MEDIUM,0.53,0.5619
CHEMBL1224024,0.3695,5.061,1,0.5452,0,0.4567,HIGH,0.2716,0.697
CHEMBL564930,0.9745,6.165,1,0.6075,0,0.9344,HIGH,0.9672,0.9989
CHEMBL469514,0.7083,5.087,1,0.7514,0,0.293,HIGH,0.6465,0.9151
CHEMBL256468,0.8494,5.567,1,0.7713,0,0.6523,HIGH,0.8261,0.9271
CHEMBL1800157,0.3187,5.516,0,0.2462,0,0.561,LOW,0.2195,0.6507
CHEMBL3289797,0.3079,5.093,1,0.5065,0,0.3437,HIGH,0.3282,0.2399
CHEMBL2029417,0.3142,4.727,1,0.6962,0,0.246,HIGH,0.377,0.1039
CHEMBL3823914,0.34,4.869,1,0.5645,0,0.5482,HIGH,0.2259,0.722
CHEMBL3593760,0.1527,4.812,1,0.5072,0,0.6505,HIGH,0.1748,0.079
CHEMBL3593759,0.1527,4.812,1,0.5072,0,0.6505,HIGH,0.1748,0.079
CHEMBL3675743,0.458,4.975,1,0.5507,1,0.0035,MEDIUM,0.5018,0.3115
CHEMBL2164365,0.5772,5.039,1,0.7871,1,0.039,MEDIUM,0.5195,0.7703
CHEMBL2041173,0.7649,5.671,1,0.7737,0,0.3902,HIGH,0.6951,0.9985
CHEMBL445940,0.1135,5.004,1,0.6306,0,0.7118,HIGH,0.1441,0.0111
CHEMBL4783569,0.3401,4.929,0,0.2965,0,0.3746,LOW,0.3127,0.4319
CHEMBL4793053,0.3389,4.925,0,0.2789,0,0.3941,LOW,0.303,0.4595
CHEMBL1289727,0.8495,5.425,1,0.7441,0,0.6439,HIGH,0.822,0.9416
CHEMBL3422949,0.603,6.064,1,0.7195,1,0.0935,MEDIUM,0.5467,0.7913
CHEMBL1834717,0.5464,5.43,1,0.6165,1,0.0585,MEDIUM,0.5293,0.6038
HZEJTMIZKGGUNU-RQWKETMHSA-N,0.9393,6.596,1,0.7132,0,0.8433,HIGH,0.9216,0.9985
CHEMBL2147845,0.2308,5.415,1,0.6451,0,0.6761,HIGH,0.162,0.4614
CHEMBL4646969,0.0962,5.691,1,0.6122,0,0.7536,HIGH,0.1232,0.0059
CHEMBL3824103,0.2899,4.802,0,0.4736,0,0.5965,LOW,0.2017,0.585
CHEMBL3822644,0.2899,4.802,0,0.4736,0,0.5965,LOW,0.2017,0.585
HZYCOVJPFLILNP-GOSISDBHSA-N,0.5155,5.267,1,0.6236,1,0.1776,MEDIUM,0.5888,0.2701
CHEMBL3942849,0.166,4.936,1,0.6534,0,0.6957,HIGH,0.1521,0.2124
CHEMBL1083425,0.9018,5.691,0,0.4465,0,0.8033,LOW,0.9016,0.9024
IAQDLLVWNWQFLK-UHFFFAOYSA-N,0.0624,4.572,1,0.5231,0,0.8761,HIGH,0.062,0.064
IASHPBTWDNSSJF-UHFFFAOYSA-N,0.0805,4.895,1,0.7169,0,0.8227,HIGH,0.0886,0.0535
CHEMBL223998,0.9205,5.9,1,0.7874,0,0.8591,HIGH,0.9295,0.8901
CHEMBL554693,0.9434,5.875,1,0.5381,0,0.8532,HIGH,0.9266,0.9995
CHEMBL4543900,0.7619,5.7,1,0.753,0,0.6577,HIGH,0.8288,0.5378
CHEMBL375021,0.881,6.824,0,0.4186,0,0.691,LOW,0.8455,1.0
CHEMBL4746135,0.7553,5.627,1,0.508,0,0.5169,HIGH,0.7584,0.7448
CHEMBL1784471,0.6259,5.356,1,0.7172,0,0.3574,HIGH,0.6787,0.4489
IBXQVTJYUTXWOZ-UHFFFAOYSA-N,0.7213,5.298,1,0.5648,0,0.3318,HIGH,0.6659,0.9069
CHEMBL4286477,0.5077,5.017,1,0.6188,1,0.0285,MEDIUM,0.5143,0.4859
CHEMBL4095355,0.2843,5.337,0,0.4192,0,0.2772,LOW,0.3614,0.0261
ICXWHKAGMFFTPX-UHFFFAOYSA-N,0.0849,4.864,0,0.3811,0,0.7808,LOW,0.1096,0.0021
CHEMBL4128801,0.1086,5.656,1,0.8122,0,0.7852,HIGH,0.1074,0.1125
CHEMBL2036764,0.7244,5.68,1,0.536,0,0.462,HIGH,0.731,0.7022
CHEMBL4645293,0.2638,5.127,0,0.4481,0,0.4959,LOW,0.252,0.3033
CHEMBL4799863,0.8801,5.831,0,0.3284,0,0.6987,LOW,0.8493,0.9833
CHEMBL1096182,0.8456,6.035,1,0.7532,0,0.6982,HIGH,0.8491,0.8341
CHEMBL1642362,0.8049,5.679,1,0.6468,0,0.5707,HIGH,0.7853,0.8704
CHEMBL2058837,0.4655,5.375,0,0.3375,1,0.1593,LOW,0.5797,0.0833
CHEMBL4081451,0.3278,4.867,1,0.6315,0,0.3616,HIGH,0.3192,0.3564
CHEMBL247688,0.7983,5.921,1,0.6179,0,0.4809,HIGH,0.7404,0.9921
CHEMBL1957792,0.7479,5.135,1,0.5048,0,0.3497,HIGH,0.6748,0.9925
CHEMBL398855,0.1661,4.994,1,0.8014,0,0.5822,HIGH,0.2089,0.0229
IEJXHZMFJCCDSS-UHFFFAOYSA-N,0.0566,4.463,1,0.5704,0,0.8574,HIGH,0.0713,0.0075
CHEMBL4162750,0.3589,5.235,0,0.2874,0,0.3895,LOW,0.3052,0.5385
CHEMBL1921893,0.3156,5.032,1,0.5949,0,0.2986,HIGH,0.3507,0.1982
CHEMBL4102051,0.3305,4.799,0,0.3485,0,0.3615,LOW,0.3193,0.3682
CHEMBL4094690,0.1874,4.706,1,0.7108,0,0.7328,HIGH,0.1336,0.3675
CHEMBL2164202,0.414,5.107,1,0.7631,0,0.2172,HIGH,0.3914,0.4896
CHEMBL2204270,0.2077,4.483,1,0.7803,0,0.5494,HIGH,0.2253,0.1489
CHEMBL1801191,0.4767,5.724,0,0.286,1,0.0348,LOW,0.4826,0.4567
CHEMBL4530341,0.5832,5.324,1,0.6725,1,0.073,MEDIUM,0.5365,0.7394
CHEMBL590201,0.5952,5.419,0,0.2702,1,0.0037,LOW,0.4982,0.92
CHEMBL3219123,0.1129,4.721,1,0.6753,0,0.7212,HIGH,0.1394,0.0243
CHEMBL3354721,0.2138,5.322,1,0.6822,0,0.5894,HIGH,0.2053,0.2424
CHEMBL1644183,0.2403,5.153,0,0.33,0,0.6095,LOW,0.1952,0.391
CHEMBL2333632,0.7938,5.024,1,0.7263,0,0.4709,HIGH,0.7355,0.9889
CHEMBL1086072,0.9097,5.857,1,0.7243,0,0.8381,HIGH,0.9191,0.8784
CHEMBL2312645,0.4023,5.383,1,0.6836,0,0.2136,HIGH,0.3932,0.4326
CHEMBL4635459,0.1322,5.543,1,0.5234,0,0.7303,HIGH,0.1348,0.1234
CHEMBL1916533,0.8041,5.198,1,0.6459,0,0.5652,HIGH,0.7826,0.8762
CHEMBL4465203,0.704,5.378,1,0.614,0,0.3809,HIGH,0.6905,0.7494
CHEMBL1221915,0.3859,4.696,0,0.2994,0,0.5338,LOW,0.2331,0.8973
CHEMBL4782111,0.4337,5.487,1,0.8527,1,0.1275,MEDIUM,0.4362,0.4253
CHEMBL172854,0.8777,5.913,1,0.6504,0,0.8125,HIGH,0.9063,0.7819
CHEMBL3086045,0.8964,6.35,0,0.3359,0,0.7317,LOW,0.8658,0.9987
CHEMBL1086506,0.9354,7.663,1,0.6827,0,0.8612,HIGH,0.9306,0.9517
CHEMBL2024390,0.0573,4.764,1,0.8723,0,0.8511,HIGH,0.0744,0.0
CHEMBL3422764,0.6695,5.366,1,0.6951,1,0.1526,MEDIUM,0.5763,0.9816
CHEMBL4069786,0.5859,5.253,1,0.7269,1,0.1887,MEDIUM,0.5943,0.5576
CHEMBL4462946,0.4371,5.524,0,0.2719,0,0.3205,LOW,0.3398,0.7628
CHEMBL255566,0.9871,6.043,1,0.7829,0,0.9666,HIGH,0.9833,0.9998
CHEMBL3422759,0.7209,5.874,1,0.6836,0,0.2767,HIGH,0.6383,0.9972
CHEMBL1910316,0.9374,6.357,1,0.7106,0,0.8395,HIGH,0.9198,0.9966
IKOFTAHOICQOFR-CYBMUJFWSA-N,0.8257,5.299,1,0.5732,0,0.5753,HIGH,0.7877,0.9528
IKPAUHLVUSUQBQ-UHFFFAOYSA-N,0.1852,4.884,1,0.7937,0,0.5878,HIGH,0.2061,0.1151
CHEMBL225090,0.8988,5.682,1,0.7558,0,0.8758,HIGH,0.9379,0.768
CHEMBL3287927,0.7858,6.041,0,0.4469,0,0.4508,LOW,0.7254,0.9881
CHEMBL1835059,0.8185,5.414,1,0.7376,0,0.606,HIGH,0.803,0.8703
CHEMBL2386635,0.3656,4.732,0,0.4518,0,0.3353,LOW,0.3323,0.4768
CHEMBL4864407,0.0303,5.279,1,0.6746,0,0.9225,HIGH,0.0388,0.0019
CHEMBL3290338,0.4306,4.687,1,0.6061,0,0.3757,HIGH,0.3121,0.8273
CHEMBL3578242,0.6229,5.583,0,0.4856,1,0.1851,LOW,0.5926,0.7246
CHEMBL257525,0.9158,5.884,1,0.6768,0,0.7918,HIGH,0.8959,0.9824
CHEMBL3823154,0.2751,4.71,0,0.4811,0,0.6852,LOW,0.1574,0.6691
CHEMBL3422947,0.6891,5.955,1,0.7273,0,0.239,HIGH,0.6195,0.9221
CHEMBL4755819,0.206,4.855,1,0.613,0,0.6268,HIGH,0.1866,0.2711
CHEMBL4777349,0.5573,5.334,0,0.4361,1,0.0899,LOW,0.4551,0.8997
CHEMBL3326631,0.8506,5.5,1,0.6143,0,0.6622,HIGH,0.8311,0.9159
CHEMBL3586434,0.1509,4.882,0,0.3904,0,0.7438,LOW,0.1281,0.2271
CHEMBL588501,0.5012,5.42,0,0.4014,0,0.2324,LOW,0.6162,0.1161
CHEMBL4639249,0.0609,5.685,1,0.7021,0,0.8437,HIGH,0.0781,0.003
IMTFFGNCWUIJFP-RBUKOAKNSA-N,0.0259,4.373,1,0.7927,0,0.9361,HIGH,0.032,0.0058
CHEMBL317791,0.6479,5.499,0,0.3274,0,0.2612,LOW,0.6306,0.7058
CHEMBL4246475,0.9465,6.113,0,0.4656,0,0.8611,LOW,0.9306,0.9998
CHEMBL561326,0.9177,5.797,1,0.5856,0,0.806,HIGH,0.903,0.9669
CHEMBL4541477,0.6458,5.651,1,0.6546,0,0.384,HIGH,0.692,0.4914
CHEMBL1940315,0.1735,5.021,0,0.4232,0,0.5617,LOW,0.2192,0.0206
CHEMBL1091880,0.1902,4.58,1,0.643,0,0.5528,HIGH,0.2236,0.0785
CHEMBL429132,0.9944,5.875,1,0.7406,0,0.9864,HIGH,0.9932,0.9985
CHEMBL1095553,0.5162,6.141,1,0.7186,1,0.0677,MEDIUM,0.4661,0.6837
IOTYDSRQXWYEOM-UHFFFAOYSA-N,0.8965,5.174,1,0.5151,0,0.7444,HIGH,0.8722,0.9777
CHEMBL377114,0.899,6.169,0,0.4244,0,0.7439,LOW,0.8719,0.9897
CHEMBL4086697,0.3021,4.583,1,0.7497,0,0.6653,HIGH,0.1673,0.7532
CHEMBL216281,0.6365,5.7,0,0.3072,0,0.2358,LOW,0.6179,0.6987
IPJLQBKOPGEVRJ-NEPJUHHUSA-N,0.2074,4.977,1,0.5319,0,0.5875,HIGH,0.2063,0.211
CHEMBL3590452,0.9671,7.737,1,0.6968,0,0.9145,HIGH,0.9572,1.0
CHEMBL4575211,0.9317,5.832,1,0.7286,0,0.8226,HIGH,0.9113,0.9999
CHEMBL585530,0.3261,5.211,0,0.2755,0,0.3085,LOW,0.3457,0.2601
CHEMBL4643264,0.1997,6.043,1,0.5578,0,0.493,HIGH,0.2535,0.0194
CHEMBL1277312,0.1711,5.084,1,0.5435,0,0.5588,HIGH,0.2206,0.0053
CHEMBL5072152,0.2115,5.041,1,0.7042,0,0.6361,HIGH,0.1819,0.3103
CHEMBL146624,0.3406,5.132,0,0.3313,0,0.4681,LOW,0.266,0.5904
IRSWAIQUVPQZDP-UHFFFAOYSA-N,0.1107,5.272,1,0.6135,0,0.7627,HIGH,0.1187,0.0842
CHEMBL4302264,0.2872,5.243,1,0.6666,0,0.3407,HIGH,0.3297,0.1449
ISHKGFLNVPCPEG-UHFFFAOYSA-N,0.1026,4.821,0,0.4085,0,0.7341,LOW,0.1329,0.0012
CHEMBL1088805,0.1235,4.794,0,0.4337,0,0.6798,LOW,0.1601,0.0011
CHEMBL1671898,0.6494,5.297,0,0.4,1,0.1183,LOW,0.5592,0.9516
CHEMBL4228122,0.9376,5.643,1,0.653,0,0.8379,HIGH,0.919,1.0
CHEMBL3763999,0.3314,5.081,1,0.7298,0,0.5453,HIGH,0.2273,0.6799
CHEMBL4846092,0.8887,5.355,0,0.452,0,0.72,LOW,0.86,0.9846
CHEMBL4083348,0.427,5.0,1,0.694,0,0.2094,HIGH,0.3953,0.5331
CHEMBL5074068,0.7152,5.224,1,0.7287,0,0.4243,HIGH,0.7122,0.7251
CHEMBL3605127,0.526,5.225,1,0.7688,1,0.1615,MEDIUM,0.4193,0.8832
CHEMBL3792542,0.61,4.896,1,0.6643,1,0.0381,MEDIUM,0.5191,0.9144
CHEMBL1809066,0.7098,5.232,1,0.7691,0,0.3667,HIGH,0.6834,0.7983
CHEMBL1809065,0.5612,5.203,1,0.7212,0,0.2835,HIGH,0.6418,0.2914
CHEMBL4760207,0.2047,5.806,0,0.3094,0,0.4701,LOW,0.265,0.0028
CHEMBL2180841,0.4185,5.065,0,0.4443,0,0.2468,LOW,0.3766,0.559
CHEMBL3605118,0.2779,5.203,1,0.7641,0,0.4017,HIGH,0.2992,0.2068
CHEMBL4100562,0.7148,5.687,0,0.3626,0,0.2627,LOW,0.6314,0.9942
IUMNXTDJMIBGKF-OFNKIYASSA-N,0.083,5.608,1,0.7907,0,0.9392,HIGH,0.0304,0.2589
CHEMBL1097718,0.8457,5.415,1,0.519,0,0.6286,HIGH,0.8143,0.9508
IVAQITIIINVXDO-UHFFFAOYSA-N,0.0657,4.816,1,0.7044,0,0.8636,HIGH,0.0682,0.0573
CHEMBL4758424,0.9839,7.902,1,0.7527,0,0.9595,HIGH,0.9797,0.998
IVQOSXHMIKOTIP-UHFFFAOYSA-N,0.41,4.817,0,0.4591,0,0.3783,LOW,0.3108,0.7419
CHEMBL4097778,0.1438,4.8,0,0.4041,0,0.6346,LOW,0.1827,0.0134
CHEMBL467533,0.4001,4.937,1,0.5571,0,0.3087,HIGH,0.3456,0.5826
CHEMBL1172438,0.9512,5.328,1,0.685,0,0.8783,HIGH,0.9391,0.9917
CHEMBL4098778,0.7076,6.181,0,0.3184,0,0.5813,LOW,0.7907,0.4294
CHEMBL4455268,0.7628,5.178,1,0.5933,0,0.5169,HIGH,0.7584,0.7773
CHEMBL1809069,0.3363,5.043,1,0.7349,0,0.3,HIGH,0.35,0.2903
CHEMBL4746627,0.266,5.713,1,0.7894,0,0.4439,HIGH,0.2781,0.2256
CHEMBL2333643,0.7359,5.006,1,0.7511,0,0.3185,HIGH,0.6593,0.9925
CHEMBL3753613,0.643,5.2,1,0.7228,0,0.3482,HIGH,0.6741,0.5389
CHEMBL3785952,0.9268,6.165,0,0.3729,0,0.8156,LOW,0.9078,0.9904
CHEMBL3969113,0.152,4.878,1,0.6443,0,0.6891,HIGH,0.1554,0.1407
CHEMBL435886,0.7344,5.653,0,0.4175,0,0.4968,LOW,0.7484,0.6874
CHEMBL4528713,0.2802,4.865,1,0.5509,0,0.4878,HIGH,0.2561,0.3606
IXVMCNGJHBSZSM-UHFFFAOYSA-N,0.7598,5.213,1,0.639,0,0.4655,HIGH,0.7327,0.8506
CHEMBL551308,0.6323,5.723,0,0.4516,0,0.4172,LOW,0.7086,0.3768
CHEMBL585856,0.946,6.409,1,0.6752,0,0.8652,HIGH,0.9326,0.9908
CHEMBL1393312,0.4714,5.312,0,0.3889,0,0.3688,LOW,0.3156,0.993
CHEMBL534319,0.8563,6.128,0,0.4654,0,0.6271,LOW,0.8135,0.9996
IYVIYWIRAJCIRW-OYLFLEFRSA-N,0.9676,7.593,1,0.7175,0,0.9174,HIGH,0.9587,0.9974
CHEMBL1921888,0.2265,4.834,1,0.6854,0,0.4712,HIGH,0.2644,0.0995
IYZGDOJPHGCLOE-MRXNPFEDSA-N,0.3271,4.904,1,0.6853,0,0.2447,HIGH,0.3777,0.1579
CHEMBL1771138,0.2292,5.516,1,0.786,0,0.5188,HIGH,0.2406,0.1911
CHEMBL526981,0.245,4.942,0,0.3386,0,0.5166,LOW,0.2417,0.2563
CHEMBL384880,0.755,5.811,0,0.3842,0,0.4136,LOW,0.7068,0.9163
CHEMBL5093161,0.0815,4.76,0,0.2363,0,0.7884,LOW,0.1058,0.0002
IZJZSFQNGRBZAU-UHFFFAOYSA-N,0.0561,4.82,1,0.6484,0,0.8977,HIGH,0.0512,0.0725
CHEMBL172296,0.9093,6.047,1,0.6544,0,0.8813,HIGH,0.9406,0.8043
CHEMBL1083772,0.8642,6.048,1,0.5119,0,0.6482,HIGH,0.8241,0.9984
CHEMBL4643511,0.5339,5.432,1,0.6065,0,0.2399,HIGH,0.6199,0.246
CHEMBL3310485,0.9293,5.788,0,0.356,0,0.8176,LOW,0.9088,0.9981
CHEMBL2333616,0.8091,5.0,1,0.5975,0,0.5099,HIGH,0.7549,0.9906
CHEMBL601957,0.4824,5.335,0,0.2531,1,0.0369,LOW,0.5185,0.3615
CHEMBL4864514,0.4238,5.362,1,0.5325,0,0.2881,HIGH,0.356,0.6509
CHEMBL541435,0.9163,5.61,1,0.6325,0,0.7889,HIGH,0.8944,0.9896
CHEMBL5081571,0.4751,4.903,1,0.5707,1,0.1829,MEDIUM,0.5914,0.0856
CHEMBL4549695,0.1227,4.996,1,0.7095,0,0.7279,HIGH,0.1361,0.0779
CHEMBL5095181,0.1447,4.862,0,0.269,0,0.6333,LOW,0.1834,0.0151
CHEMBL4634696,0.9448,5.725,1,0.5897,0,0.8577,HIGH,0.9289,0.9983
CHEMBL2170051,0.7975,5.455,1,0.499,0,0.5048,HIGH,0.7524,0.9484
CHEMBL1829620,0.6791,4.894,1,0.6894,0,0.2978,HIGH,0.6489,0.7801
CHEMBL4560522,0.718,5.731,1,0.6784,0,0.4574,HIGH,0.7287,0.6822
CHEMBL3604693,0.8065,6.315,1,0.5845,0,0.5002,HIGH,0.7501,0.9954
CHEMBL4159308,0.3586,5.252,1,0.5836,0,0.6255,HIGH,0.1873,0.9321
CHEMBL215526,0.8483,5.086,1,0.6557,0,0.7219,HIGH,0.861,0.8059
CHEMBL588859,0.63,5.406,0,0.3428,1,0.1809,LOW,0.5904,0.7624
CHEMBL247829,0.1193,5.076,1,0.7794,0,0.7575,HIGH,0.1213,0.1128
CHEMBL247828,0.1193,5.076,1,0.7794,0,0.7575,HIGH,0.1213,0.1128
CHEMBL400488,0.1193,5.076,1,0.7794,0,0.7575,HIGH,0.1213,0.1128
JEBURGBMPSDSFT-LRTDYKAYSA-N,0.3636,4.623,1,0.6123,0,0.5421,HIGH,0.229,0.8145
CHEMBL1809062,0.8165,5.574,1,0.7321,0,0.607,HIGH,0.8035,0.8598
CHEMBL3586441,0.1943,4.658,0,0.388,0,0.7001,LOW,0.1499,0.3426
CHEMBL1222800,0.3735,5.376,1,0.52,0,0.3224,HIGH,0.3388,0.4897
CHEMBL1950292,0.3653,5.092,0,0.3248,1,0.1815,LOW,0.4092,0.2182
JEMUKCQHZZLARU-CQSZACIVSA-N,0.5363,4.892,1,0.6461,1,0.0605,MEDIUM,0.5303,0.5563
CHEMBL3925332,0.58,4.999,1,0.5509,0,0.4806,HIGH,0.7403,0.0434
JEQFKXKYXLHVQE-CQSZACIVSA-N,0.1366,4.317,1,0.6502,0,0.6813,HIGH,0.1594,0.0603
CHEMBL3422948,0.6857,5.771,1,0.7485,1,0.192,MEDIUM,0.596,0.9861
JFFLQACNEMRJEZ-UHFFFAOYSA-N,0.2238,5.719,1,0.6814,0,0.5476,HIGH,0.2262,0.2157
CHEMBL4469488,0.3069,5.33,0,0.3386,0,0.477,LOW,0.2615,0.4588
CHEMBL593521,0.9494,6.204,1,0.6909,0,0.8689,HIGH,0.9344,0.9995
CHEMBL520543,0.5168,5.642,1,0.5722,0,0.2494,HIGH,0.6247,0.1557
CHEMBL2315926,0.198,4.831,1,0.6753,0,0.6987,HIGH,0.1507,0.3564
CHEMBL3422961,0.7265,6.366,1,0.6868,0,0.2932,HIGH,0.6466,0.9938
CHEMBL1224217,0.7998,5.505,1,0.6542,0,0.5511,HIGH,0.7755,0.8812
CHEMBL476130,0.8148,5.354,1,0.7089,0,0.5366,HIGH,0.7683,0.9705
CHEMBL4866240,0.2326,5.118,0,0.2691,0,0.4244,LOW,0.2878,0.0478
CHEMBL4514358,0.4025,4.776,1,0.6236,0,0.4409,HIGH,0.2796,0.8141
CHEMBL1224069,0.8152,5.689,1,0.67,0,0.6999,HIGH,0.8499,0.6987
CHEMBL1089681,0.9301,6.173,0,0.468,0,0.8211,LOW,0.9106,0.9956
CHEMBL2326478,0.406,5.322,1,0.6373,0,0.2271,HIGH,0.3864,0.4714
CHEMBL4852138,0.5556,5.304,1,0.6724,0,0.2114,HIGH,0.6057,0.388
CHEMBL4483643,0.9432,5.997,1,0.6619,0,0.8626,HIGH,0.9313,0.9832
CHEMBL3422763,0.6888,5.671,1,0.6866,1,0.1924,MEDIUM,0.5962,0.9989
CHEMBL3218500,0.082,4.879,1,0.7302,0,0.79,HIGH,0.105,0.0051
CHEMBL4632688,0.2784,5.094,0,0.3103,0,0.2823,LOW,0.3588,0.0089
CHEMBL3288030,0.1939,5.005,0,0.483,0,0.5559,LOW,0.2221,0.0995
CHEMBL4758420,0.396,5.442,0,0.347,0,0.4918,LOW,0.2541,0.8709
CHEMBL1085779,0.9677,8.194,1,0.7125,0,0.9227,HIGH,0.9614,0.989
CHEMBL4075415,0.2002,5.046,1,0.5677,0,0.6967,HIGH,0.1517,0.3625
CHEMBL1095419,0.237,5.663,1,0.7184,0,0.5016,HIGH,0.2492,0.1963
CHEMBL2017408,0.7847,5.747,1,0.6701,0,0.5191,HIGH,0.7595,0.8689
CHEMBL3422962,0.6595,5.676,1,0.6212,1,0.1321,MEDIUM,0.566,0.9724
CHEMBL221178,0.6236,5.857,1,0.6529,1,0.0226,MEDIUM,0.5113,0.9998
CHEMBL4069466,0.3949,4.775,1,0.6828,1,0.142,MEDIUM,0.429,0.2808
CHEMBL3422966,0.6568,5.688,1,0.506,1,0.1496,MEDIUM,0.5748,0.9313
CHEMBL4866325,0.6896,5.304,0,0.4766,0,0.4786,LOW,0.7393,0.5234
CHEMBL4742368,0.2387,4.796,0,0.2889,0,0.6784,LOW,0.1608,0.4995
CHEMBL478395,0.9231,5.378,1,0.7638,0,0.9082,HIGH,0.9541,0.8193
CHEMBL485629,0.0974,4.628,1,0.6404,0,0.8062,HIGH,0.0969,0.0992
CHEMBL1091162,0.2295,4.925,1,0.4963,0,0.445,HIGH,0.2775,0.0688
CHEMBL4634377,0.0684,5.42,1,0.6105,0,0.8318,HIGH,0.0841,0.0158
CHEMBL4527253,0.3466,4.832,1,0.6661,0,0.405,HIGH,0.2975,0.511
CHEMBL4763365,0.7159,5.376,1,0.6927,0,0.2922,HIGH,0.6461,0.9498
CHEMBL533399,0.9694,6.666,0,0.4084,0,0.9204,LOW,0.9602,0.9999
CHEMBL3581788,0.1889,4.962,0,0.4832,0,0.5485,LOW,0.2258,0.0653
CHEMBL1172157,0.9384,5.354,1,0.7292,0,0.842,HIGH,0.921,0.9968
CHEMBL1779006,0.8341,5.533,1,0.6101,0,0.6802,HIGH,0.8401,0.8141
CHEMBL2177308,0.7429,5.412,1,0.4976,0,0.3529,HIGH,0.6765,0.9655
JMUJEVQDCVELNK-UHFFFAOYSA-N,0.0963,4.796,1,0.7432,0,0.7788,HIGH,0.1106,0.0486
CHEMBL462508,0.9437,6.161,1,0.6157,0,0.9246,HIGH,0.9623,0.8814
JNUAKGPTMPMPKV-UHFFFAOYSA-N,0.4533,5.178,1,0.5913,1,0.1111,MEDIUM,0.4444,0.4829
JOASMTKSLXBRIH-PMACEKPBSA-N,0.0525,4.326,1,0.7354,0,0.8923,HIGH,0.0539,0.048
CHEMBL1097144,0.4336,5.821,1,0.7274,0,0.2514,HIGH,0.3743,0.6321
CHEMBL4798829,0.7788,5.761,0,0.3693,0,0.4415,LOW,0.7207,0.9732
JOCWXGMGWYJOMZ-UHFFFAOYSA-N,0.4714,5.078,1,0.5247,0,0.2617,HIGH,0.3691,0.8136
JOJIUFHACKTRJS-UHFFFAOYSA-N,0.9207,5.818,1,0.5097,0,0.7998,HIGH,0.8999,0.9902
CHEMBL491119,0.4562,5.185,1,0.6481,0,0.2369,HIGH,0.3816,0.706
CHEMBL2333624,0.7698,4.832,1,0.7209,0,0.4339,HIGH,0.717,0.9468
CHEMBL271909,0.9338,5.348,1,0.6745,0,0.8281,HIGH,0.9141,0.9998
CHEMBL1271273,0.411,5.325,1,0.6349,1,0.1235,MEDIUM,0.4383,0.3198
CHEMBL2207286,0.7369,5.832,1,0.7299,0,0.6283,HIGH,0.8141,0.4784
CHEMBL1222485,0.3515,5.185,1,0.5458,0,0.2436,HIGH,0.3782,0.2621
CHEMBL1090817,0.1454,4.738,1,0.5291,0,0.6324,HIGH,0.1838,0.0168
CHEMBL1910315,0.9837,6.406,1,0.8345,0,0.9582,HIGH,0.9791,0.9991
CHEMBL1835035,0.6593,5.339,0,0.486,0,0.4171,LOW,0.7086,0.4945
CHEMBL5077699,0.6633,5.46,1,0.7129,0,0.5867,HIGH,0.7934,0.228
CHEMBL250877,0.677,5.725,0,0.4325,0,0.2457,LOW,0.6229,0.8582
CHEMBL3752949,0.3622,4.859,1,0.6948,1,0.1217,MEDIUM,0.4392,0.1045
CHEMBL2042321,0.1007,4.666,0,0.2831,0,0.7435,LOW,0.1282,0.0084
CHEMBL3898341,0.7585,5.485,1,0.5004,0,0.6958,HIGH,0.8479,0.4591
CHEMBL174214,0.9242,5.926,1,0.6359,0,0.8704,HIGH,0.9352,0.8873
CHEMBL4472207,0.6471,6.064,1,0.6153,0,0.3565,HIGH,0.6783,0.5429
CHEMBL4554707,0.1796,5.239,1,0.5825,0,0.6078,HIGH,0.1961,0.1242
CHEMBL274168,0.8049,5.282,1,0.7911,0,0.5318,HIGH,0.7659,0.9354
CHEMBL4779944,0.49,4.851,1,0.6122,0,0.3122,HIGH,0.3439,0.9791
JQUCWIWWWKZNCS-LESHARBVSA-N,0.3028,5.096,1,0.6992,0,0.5221,HIGH,0.239,0.5164
CHEMBL4513602,0.1214,5.026,1,0.6419,0,0.7573,HIGH,0.1214,0.1215
CHEMBL270852,0.9626,5.56,1,0.7319,0,0.9317,HIGH,0.9658,0.9519
CHEMBL4171105,0.1183,4.856,1,0.6543,0,0.7114,HIGH,0.1443,0.0311
JRKURIQDOTVMED-UHFFFAOYSA-N,0.3706,4.716,1,0.6725,0,0.218,HIGH,0.391,0.3025
CHEMBL5083772,0.192,4.852,0,0.3055,0,0.692,LOW,0.154,0.3193
CHEMBL1909989,0.4013,5.25,1,0.6751,0,0.2937,HIGH,0.3531,0.5626
CHEMBL466702,0.7026,5.096,1,0.6695,0,0.2562,HIGH,0.6281,0.9521
CHEMBL3604797,0.8368,6.327,1,0.5668,0,0.583,HIGH,0.7915,0.9883
CHEMBL4101684,0.5271,5.637,0,0.4221,0,0.2174,LOW,0.6087,0.2539
CHEMBL4160434,0.2636,5.057,1,0.52,0,0.4353,HIGH,0.2823,0.2007
CHEMBL1224267,0.2812,5.319,1,0.515,0,0.3193,HIGH,0.3404,0.0833
CHEMBL4228387,0.982,6.084,1,0.6792,0,0.9542,HIGH,0.9771,0.9986
CHEMBL4457150,0.5203,5.579,0,0.4729,1,0.0404,LOW,0.5202,0.5205
JTNNAGHHDVKLKB-UHFFFAOYSA-N,0.1038,4.944,0,0.3991,0,0.7305,LOW,0.1347,0.0
CHEMBL486770,0.4659,5.221,1,0.7391,1,0.1208,MEDIUM,0.5604,0.1493
CHEMBL532079,0.5807,5.099,0,0.3202,1,0.1497,LOW,0.5749,0.6004
CHEMBL2177904,0.636,5.399,1,0.7181,0,0.2543,HIGH,0.6272,0.6654
CHEMBL2177309,0.636,5.399,1,0.7181,0,0.2543,HIGH,0.6272,0.6654
CHEMBL4759597,0.9813,7.727,1,0.7677,0,0.9574,HIGH,0.9787,0.9902
CHEMBL1083562,0.8103,5.709,1,0.6774,0,0.6899,HIGH,0.8449,0.6945
CHEMBL255417,0.8872,5.632,1,0.6724,0,0.7084,HIGH,0.8542,0.9975
CHEMBL5091256,0.4666,5.061,1,0.6814,1,0.1656,MEDIUM,0.4172,0.6319
CHEMBL1796064,0.7352,5.327,1,0.7908,0,0.3465,HIGH,0.6732,0.9426
CHEMBL426482,0.5744,5.481,0,0.3393,1,0.0515,LOW,0.4743,0.9098
CHEMBL4777831,0.854,5.546,1,0.674,0,0.6881,HIGH,0.8441,0.8874
CHEMBL4225434,0.9317,6.206,1,0.5832,0,0.8227,HIGH,0.9113,1.0
JVZGLRHIUDPKQN-UHFFFAOYSA-N,0.0595,4.772,1,0.6957,0,0.9055,HIGH,0.0473,0.1006
CHEMBL3288811,0.4714,4.902,1,0.7312,1,0.1301,MEDIUM,0.435,0.5935
JWOJDKMHSKNBEA-CQSZACIVSA-N,0.8753,5.447,0,0.4337,0,0.6774,LOW,0.8387,0.9979
CHEMBL3799166,0.3083,4.867,0,0.2774,0,0.3605,LOW,0.3198,0.2701
CHEMBL4237868,0.1443,4.902,1,0.7896,0,0.7214,HIGH,0.1393,0.161
CHEMBL2158625,0.8462,5.746,1,0.55,0,0.7336,HIGH,0.8668,0.7775
CHEMBL4854730,0.5334,5.332,0,0.3257,0,0.2026,LOW,0.3987,0.9843
CHEMBL4082468,0.3552,4.877,1,0.6825,0,0.3657,HIGH,0.3171,0.4824
CHEMBL374690,0.6569,5.455,1,0.6498,0,0.3132,HIGH,0.6566,0.6579
CHEMBL3753257,0.6188,5.416,1,0.6911,0,0.2397,HIGH,0.6198,0.6155
JYBMCMRJDIBBGJ-RTBURBONSA-N,0.3357,5.43,0,0.4639,0,0.3555,LOW,0.3222,0.3806
CHEMBL4466893,0.4426,5.151,1,0.6655,0,0.2219,HIGH,0.389,0.6221
CHEMBL2164209,0.4099,5.093,1,0.7221,1,0.1968,MEDIUM,0.4016,0.4376
CHEMBL4279795,0.7533,6.454,0,0.3098,0,0.3595,LOW,0.6797,0.9994
CHEMBL4646990,0.48,5.113,1,0.6749,1,0.1383,MEDIUM,0.5691,0.1817
CHEMBL4282148,0.5552,5.346,0,0.3464,1,0.0008,LOW,0.5004,0.7385
CHEMBL111,0.7319,5.619,0,0.48,0,0.3131,LOW,0.6565,0.9841
CHEMBL4576115,0.7387,5.478,0,0.3823,0,0.3225,LOW,0.6613,0.998
CHEMBL1921890,0.5122,5.216,1,0.6754,1,0.1528,MEDIUM,0.5764,0.2973
CHEMBL1829616,0.8998,5.512,1,0.7806,0,0.7666,HIGH,0.8833,0.9552
CHEMBL2180032,0.2873,5.061,1,0.5264,0,0.3369,HIGH,0.3315,0.1393
CHEMBL1957677,0.8313,5.208,0,0.4819,0,0.5899,LOW,0.7949,0.9528
CHEMBL3289803,0.2727,4.996,1,0.6273,0,0.2945,HIGH,0.3527,0.0047
CHEMBL385049,0.0948,5.131,1,0.4993,0,0.7564,HIGH,0.1218,0.0044
KAXFCXIHQXDECG-UHFFFAOYSA-N,0.2429,5.81,1,0.5051,0,0.3693,HIGH,0.3154,0.0001
CHEMBL2024393,0.0567,4.754,1,0.9081,0,0.8528,HIGH,0.0736,0.0003
CHEMBL408208,0.9404,6.341,1,0.7766,0,0.8454,HIGH,0.9227,0.9997
KBFQXTVCSCMAII-UHFFFAOYSA-N,0.9192,6.011,1,0.7635,0,0.8499,HIGH,0.925,0.8997
KBGWZGPHOUVUNV-NEPJUHHUSA-N,0.1775,4.981,1,0.5212,0,0.6669,HIGH,0.1665,0.214
CHEMBL1822302,0.5661,5.034,1,0.8364,0,0.339,HIGH,0.6695,0.22
CHEMBL4281089,0.1654,4.741,0,0.2975,0,0.7342,LOW,0.1329,0.2743
CHEMBL1453439,0.3272,5.457,0,0.3531,0,0.6438,LOW,0.1781,0.8264
CHEMBL1083429,0.1165,4.583,0,0.2984,0,0.6994,LOW,0.1503,0.0033
CHEMBL3417530,0.5708,5.247,1,0.4976,1,0.0919,MEDIUM,0.454,0.9615
CHEMBL4099807,0.6789,5.047,1,0.7778,0,0.3016,HIGH,0.6508,0.773
CHEMBL1289267,0.8665,5.51,1,0.7794,0,0.7116,HIGH,0.8558,0.9026
CHEMBL2030449,0.0594,5.443,1,0.6204,0,0.8486,HIGH,0.0757,0.005
CHEMBL205872,0.1885,4.83,1,0.5134,0,0.6255,HIGH,0.1872,0.1927
CHEMBL1095418,0.0916,5.136,1,0.7456,0,0.7731,HIGH,0.1135,0.0186
CHEMBL5073381,0.6124,5.456,1,0.5485,1,0.083,MEDIUM,0.5415,0.8496
CHEMBL1956112,0.6892,5.571,1,0.7008,0,0.3461,HIGH,0.673,0.7433
CHEMBL245118,0.9937,6.288,1,0.6951,0,0.9849,HIGH,0.9924,0.9977
CHEMBL2391645,0.1171,5.119,1,0.7129,0,0.7393,HIGH,0.1303,0.0729
CHEMBL609628,0.6498,5.32,0,0.2703,0,0.3263,LOW,0.6632,0.6053
CHEMBL381533,0.3143,5.073,1,0.6676,0,0.2544,HIGH,0.3728,0.1186
KFLSOLHBDJRYHR-UHFFFAOYSA-N,0.1343,5.092,0,0.3897,0,0.6518,LOW,0.1741,0.0012
CHEMBL3774490,0.9982,6.453,1,0.8211,0,0.9958,HIGH,0.9979,0.9994
CHEMBL3286739,0.0735,5.101,1,0.7285,0,0.8121,HIGH,0.094,0.005
CHEMBL2431809,0.4618,5.172,0,0.3445,1,0.0099,LOW,0.5049,0.3173
CHEMBL321494,0.4365,5.4,0,0.4198,1,0.1182,LOW,0.4409,0.4219
CHEMBL4297458,0.6292,5.253,0,0.2561,0,0.243,LOW,0.6215,0.6548
CHEMBL4101067,0.4,5.083,0,0.3823,0,0.2124,LOW,0.3938,0.4208
CHEMBL5095248,0.1463,4.898,0,0.2867,0,0.6665,LOW,0.1667,0.0779
CHEMBL2048589,0.4337,5.36,0,0.4377,1,0.1464,LOW,0.4268,0.4567
CHEMBL473772,0.7583,6.086,1,0.5773,0,0.3721,HIGH,0.6861,0.9999
CHEMBL2171415,0.69,5.298,1,0.5135,0,0.3894,HIGH,0.6947,0.6741
CHEMBL529213,0.6001,5.14,1,0.6046,0,0.2383,HIGH,0.6192,0.5361
CHEMBL4543897,0.8478,6.215,1,0.7612,0,0.777,HIGH,0.8885,0.7114
CHEMBL3582240,0.4321,5.037,0,0.1842,1,0.1143,LOW,0.5571,0.0137
CHEMBL4170966,0.5751,5.237,1,0.6452,1,0.0943,MEDIUM,0.4528,0.9843
KICAOHIBDYKDCJ-UHFFFAOYSA-N,0.7475,5.419,1,0.5831,0,0.3601,HIGH,0.68,0.9732
CHEMBL1982010,0.6727,5.416,0,0.2544,0,0.376,LOW,0.688,0.6215
CHEMBL3393862,0.7861,6.145,0,0.3471,0,0.5753,LOW,0.7876,0.7809
CHEMBL2333636,0.655,4.831,1,0.6813,1,0.1436,MEDIUM,0.5718,0.9334
CHEMBL4634061,0.7783,5.703,0,0.3177,0,0.5774,LOW,0.7887,0.7437
CHEMBL4081790,0.579,5.105,1,0.7288,1,0.0075,MEDIUM,0.4962,0.856
CHEMBL2147309,0.4445,5.262,0,0.4265,1,0.0645,LOW,0.4677,0.3666
CHEMBL2178600,0.0771,5.077,1,0.672,0,0.8445,HIGH,0.0777,0.0751
CHEMBL568892,0.9583,6.521,1,0.5677,0,0.8921,HIGH,0.946,0.9995
KJFOURHTDLDEJK-UHFFFAOYSA-N,0.7391,6.447,1,0.687,0,0.6969,HIGH,0.8484,0.373
CHEMBL1809068,0.5876,5.173,1,0.7388,0,0.3414,HIGH,0.6707,0.3095
CHEMBL2204249,0.1828,4.517,1,0.7646,0,0.5838,HIGH,0.2081,0.0981
CHEMBL2177906,0.7462,5.427,1,0.6668,0,0.4181,HIGH,0.7091,0.8706
CHEMBL1092126,0.9452,5.746,1,0.6629,0,0.9107,HIGH,0.9554,0.9111
CHEMBL2333635,0.6882,5.095,1,0.692,0,0.2646,HIGH,0.6323,0.8754
CHEMBL4647741,0.4729,5.601,1,0.7202,1,0.0827,MEDIUM,0.4587,0.5204
CHEMBL1269956,0.7811,6.199,1,0.6122,0,0.4792,HIGH,0.7396,0.9202
CHEMBL3898132,0.483,5.194,0,0.4564,1,0.1622,LOW,0.4189,0.6977
CHEMBL1322689,0.8074,6.34,0,0.416,0,0.4997,LOW,0.7498,0.9999
CHEMBL3422977,0.7495,6.239,1,0.5651,0,0.4063,HIGH,0.7031,0.9048
CHEMBL246635,0.5009,5.599,1,0.598,1,0.1442,MEDIUM,0.5721,0.2627
CHEMBL4647766,0.3113,5.952,1,0.7101,0,0.4788,HIGH,0.2606,0.4809
CHEMBL4474647,0.0654,4.656,0,0.4369,0,0.8712,LOW,0.0644,0.0685
KNENTTYNZCIRQS-UHFFFAOYSA-N,0.9196,5.959,1,0.7747,0,0.7925,HIGH,0.8962,0.9979
CHEMBL245598,0.1471,5.088,1,0.5766,0,0.6248,HIGH,0.1876,0.0116
KNLBIDQEOADOEM-HUUCEWRRSA-N,0.2065,4.753,0,0.476,0,0.6331,LOW,0.1835,0.2837
CHEMBL1171030,0.956,5.782,1,0.7405,0,0.8897,HIGH,0.9449,0.9935
CHEMBL3634015,0.192,4.981,0,0.3721,0,0.552,LOW,0.224,0.085
CHEMBL484753,0.2976,4.796,1,0.6189,0,0.5357,HIGH,0.2321,0.517
CHEMBL2159341,0.2724,4.909,0,0.2736,0,0.4301,LOW,0.2849,0.2306
CHEMBL4550271,0.6586,5.704,0,0.4449,1,0.1263,LOW,0.5632,0.9783
CHEMBL4856430,0.0417,4.861,1,0.7154,0,0.8956,HIGH,0.0522,0.0064
CHEMBL4240447,0.5537,5.291,1,0.5768,1,0.0672,MEDIUM,0.4664,0.846
CHEMBL2204252,0.335,4.926,1,0.7546,1,0.1447,MEDIUM,0.4276,0.0251
CHEMBL1084385,0.8689,5.429,1,0.6383,0,0.7347,HIGH,0.8673,0.8742
CHEMBL4163702,0.3468,5.455,0,0.3337,0,0.6283,LOW,0.1859,0.8856
CHEMBL3422754,0.7364,6.003,1,0.6781,0,0.3171,HIGH,0.6586,0.9972
CHEMBL367106,0.9151,7.076,1,0.7054,0,0.7818,HIGH,0.8909,0.9962
KPESYVJNOVNDGE-UHFFFAOYSA-N,0.2178,5.804,1,0.512,0,0.4376,HIGH,0.2812,0.0057
CHEMBL1650110,0.4795,5.054,1,0.6411,1,0.1783,MEDIUM,0.4109,0.7095
CHEMBL1684685,0.0327,5.189,1,0.7829,0,0.9151,HIGH,0.0425,0.0002
CHEMBL2028019,0.8666,5.556,0,0.4258,0,0.6683,LOW,0.8342,0.9753
CHEMBL251346,0.2487,5.102,1,0.6952,0,0.7392,HIGH,0.1304,0.6448
CHEMBL4451514,0.2582,5.134,1,0.6351,0,0.4602,HIGH,0.2699,0.2189
CHEMBL2151145,0.3031,5.095,1,0.616,0,0.4879,HIGH,0.256,0.4608
KQNGZWUJPKEOIL-UHFFFAOYSA-N,0.4518,4.848,1,0.6695,1,0.1089,MEDIUM,0.5544,0.1081
CHEMBL2017573,0.4914,4.832,1,0.6935,1,0.0385,MEDIUM,0.5193,0.398
CHEMBL1552719,0.3479,5.645,0,0.4701,0,0.218,LOW,0.391,0.2035
CHEMBL211012,0.7335,5.813,0,0.4554,0,0.3463,LOW,0.6731,0.9357
CHEMBL4064317,0.2306,4.828,1,0.5288,0,0.4479,HIGH,0.2761,0.0785
CHEMBL4560963,0.4854,5.055,1,0.6427,1,0.0267,MEDIUM,0.5134,0.3917
CHEMBL3754123,0.5371,5.312,0,0.4514,1,0.0717,LOW,0.4641,0.7815
CHEMBL4207309,0.4156,5.175,1,0.6087,1,0.1139,MEDIUM,0.4431,0.3236
KTERBHGAOPMQME-UHFFFAOYSA-N,0.0972,5.292,1,0.6598,0,0.7604,HIGH,0.1198,0.0215
CHEMBL2380448,0.6108,5.02,1,0.5857,0,0.3055,HIGH,0.6527,0.4703
CHEMBL4855936,0.2703,5.478,1,0.813,0,0.5431,HIGH,0.2284,0.4103
CHEMBL4092827,0.3681,5.151,0,0.3232,1,0.1349,LOW,0.4326,0.1524
CHEMBL2333618,0.8064,5.105,1,0.692,0,0.502,HIGH,0.751,0.992
CHEMBL4079697,0.1926,4.838,1,0.7125,0,0.6104,HIGH,0.1948,0.1853
CHEMBL1829621,0.7749,5.195,1,0.7408,0,0.516,HIGH,0.758,0.8315
CHEMBL585509,0.8983,6.11,1,0.686,0,0.754,HIGH,0.877,0.9693
CHEMBL2181490,0.3021,4.966,1,0.6872,0,0.3207,HIGH,0.3396,0.1766
KTWZQUSCMBMKAR-UHFFFAOYSA-N,0.3169,5.085,0,0.4383,0,0.5161,LOW,0.242,0.5677
CHEMBL3290344,0.2424,4.487,1,0.63,0,0.7532,HIGH,0.1234,0.6408
CHEMBL3356240,0.9285,5.773,1,0.5133,0,0.8142,HIGH,0.9071,1.0
CHEMBL1809063,0.7586,5.469,1,0.691,0,0.4551,HIGH,0.7276,0.8624
KVBITJQMDOZXFN-UHFFFAOYSA-N,0.0353,4.647,1,0.6689,0,0.9213,HIGH,0.0393,0.0216
CHEMBL4064366,0.3508,4.861,0,0.4875,0,0.3429,LOW,0.3286,0.4255
KVJVCXGPNSNZGV-ZYXJOJAPSA-N,0.6162,5.376,1,0.6788,1,0.0782,MEDIUM,0.5391,0.8741
CHEMBL1082466,0.9384,7.593,1,0.7142,0,0.8837,HIGH,0.9418,0.927
CHEMBL2207747,0.3238,5.343,1,0.6983,0,0.3536,HIGH,0.3232,0.3259
CHEMBL1813316,0.8863,5.529,1,0.5332,0,0.7488,HIGH,0.8744,0.9261
CHEMBL1813317,0.8863,5.529,1,0.5332,0,0.7488,HIGH,0.8744,0.9261
CHEMBL2409405,0.082,4.827,1,0.8013,0,0.787,HIGH,0.1065,0.0
CHEMBL2041189,0.27,4.718,1,0.7694,0,0.5658,HIGH,0.2171,0.447
CHEMBL250979,0.2862,5.148,1,0.7905,0,0.4996,HIGH,0.2502,0.4069
CHEMBL456808,0.2385,4.735,1,0.6086,0,0.5446,HIGH,0.2277,0.2746
CHEMBL563495,0.8191,5.631,0,0.3693,0,0.6601,LOW,0.8301,0.7825
KWZTVVFHLUDCLT-OAHLLOKOSA-N,0.8602,5.631,0,0.4713,0,0.6854,LOW,0.8427,0.9185
CHEMBL5072213,0.1155,4.906,1,0.7225,0,0.742,HIGH,0.129,0.0704
CHEMBL567417,0.5887,5.332,1,0.5637,1,0.1306,MEDIUM,0.5653,0.6672
CHEMBL3673194,0.3524,4.83,0,0.4356,0,0.4466,LOW,0.2767,0.6057
CHEMBL3314420,0.2544,5.142,0,0.4804,0,0.4106,LOW,0.2947,0.1197
CHEMBL1957788,0.5593,5.181,1,0.6039,1,0.0201,MEDIUM,0.49,0.7914
CHEMBL2041185,0.2045,4.548,1,0.7487,0,0.7639,HIGH,0.1181,0.4938
CHEMBL532525,0.6645,6.29,0,0.3823,1,0.1796,LOW,0.5898,0.9145
KYGBERMNMHOSMC-UHFFFAOYSA-N,0.5773,5.243,0,0.4915,1,0.0582,LOW,0.4709,0.9336
CHEMBL4071960,0.2625,4.962,1,0.5814,0,0.4118,HIGH,0.2941,0.1566
CHEMBL4091200,0.2625,4.962,1,0.5814,0,0.4118,HIGH,0.2941,0.1566
CHEMBL563251,0.6209,5.069,1,0.5154,1,0.0199,MEDIUM,0.51,0.9924
CHEMBL5093650,0.8112,5.176,0,0.4407,0,0.5374,LOW,0.7687,0.9535
KYVZBLQQLBOCDU-UHFFFAOYSA-N,0.187,4.747,1,0.5316,0,0.6485,HIGH,0.1757,0.2247
CHEMBL3422980,0.7722,6.344,1,0.5491,0,0.4166,HIGH,0.7083,0.9861
KYYVAMJLDCNSAX-UHFFFAOYSA-N,0.582,5.869,1,0.5874,1,0.0944,MEDIUM,0.5472,0.6985
CHEMBL597276,0.345,5.036,1,0.5168,0,0.236,HIGH,0.382,0.2212
KZDDINPPQJQWSK-UHFFFAOYSA-N,0.6854,5.28,1,0.6314,1,0.1963,MEDIUM,0.5982,0.9775
CHEMBL3393864,0.5986,5.877,0,0.33,0,0.2721,LOW,0.636,0.4733
KZTQRGRPZOLMSL-CQSZACIVSA-N,0.8594,5.371,0,0.4886,0,0.6395,LOW,0.8197,0.9921
CHEMBL4483816,0.4889,5.201,0,0.2671,1,0.1791,LOW,0.4105,0.7516
LABYYQDVMIVTJP-HTQZYQBOSA-N,0.0408,4.621,1,0.5219,0,0.9022,HIGH,0.0489,0.0138
CHEMBL3291066,0.0835,4.573,0,0.3958,0,0.8399,LOW,0.0801,0.095
CHEMBL258090,0.9951,5.935,1,0.7257,0,0.9872,HIGH,0.9936,0.9998
CHEMBL2059307,0.4616,4.926,1,0.7082,0,0.2392,HIGH,0.3804,0.7334
LAOKNTCIMWLGDD-SGTLLEGYSA-N,0.484,5.182,0,0.4695,1,0.0953,LOW,0.4524,0.5897
CHEMBL4632819,0.2119,5.144,1,0.5356,0,0.6045,HIGH,0.1978,0.2591
LBKZCCBZNZAAMS-SHACYNPGSA-N,0.9777,6.932,1,0.7695,0,0.9434,HIGH,0.9717,0.9977
CHEMBL4584335,0.9788,6.614,1,0.6972,0,0.9463,HIGH,0.9732,0.9978
LBUXFIGKVFCKLV-UHFFFAOYSA-N,0.1956,5.001,1,0.7346,0,0.6148,HIGH,0.1926,0.2057
CHEMBL3586432,0.1199,4.81,0,0.4458,0,0.7988,LOW,0.1006,0.1843
LCJBANUDMYBFLQ-UHFFFAOYSA-N,0.9253,5.414,1,0.6802,0,0.811,HIGH,0.9055,0.9917
CHEMBL3605126,0.7286,5.71,1,0.7986,0,0.301,HIGH,0.6505,0.99
CHEMBL1836149,0.7849,5.473,1,0.5654,0,0.443,HIGH,0.7215,0.9971
CHEMBL1823050,0.3519,4.828,0,0.4045,0,0.5566,LOW,0.2217,0.7878
CHEMBL5074659,0.6166,5.269,1,0.6601,0,0.2129,HIGH,0.6065,0.6507
CHEMBL368204,0.9114,5.673,1,0.655,0,0.8648,HIGH,0.9324,0.8412
CHEMBL2380442,0.5444,5.091,1,0.5212,1,0.1728,MEDIUM,0.5864,0.4037
CHEMBL1201193,0.4981,5.488,0,0.3316,1,0.0531,LOW,0.5266,0.4027
CHEMBL2447962,0.4981,5.488,0,0.3316,1,0.0531,LOW,0.5266,0.4027
CHEMBL1200396,0.4981,5.488,0,0.3316,1,0.0531,LOW,0.5266,0.4027
CHEMBL487485,0.7893,6.04,1,0.547,0,0.4618,HIGH,0.7309,0.985
CHEMBL3605148,0.7171,5.845,1,0.7838,0,0.3686,HIGH,0.6843,0.827
CHEMBL4870498,0.9724,7.115,1,0.6952,0,0.9283,HIGH,0.9642,0.9999
CHEMBL3115192,0.5354,5.592,0,0.4362,1,0.1803,LOW,0.5902,0.352
CHEMBL579331,0.5157,5.487,0,0.3432,0,0.2201,LOW,0.6101,0.1998
CHEMBL4586372,0.4056,5.635,0,0.3808,1,0.0188,LOW,0.4906,0.121
CHEMBL4060355,0.6699,5.034,1,0.8446,0,0.4246,HIGH,0.7123,0.528
CHEMBL3417042,0.6948,6.443,1,0.634,0,0.3439,HIGH,0.672,0.7713
CHEMBL3728620,0.3134,6.238,0,0.4056,0,0.392,LOW,0.304,0.3449
CHEMBL5091825,0.0936,4.978,1,0.5501,0,0.7696,HIGH,0.1152,0.0212
LFYNHAXLOHOWGV-CYBMUJFWSA-N,0.8711,5.718,0,0.415,0,0.6985,LOW,0.8493,0.9441
CHEMBL3326784,0.8932,5.672,1,0.6445,0,0.7795,HIGH,0.8898,0.9048
CHEMBL1836148,0.8087,5.406,1,0.6002,0,0.512,HIGH,0.756,0.9852
CHEMBL1808620,0.0374,4.693,1,0.7021,0,0.9322,HIGH,0.0339,0.0492
CHEMBL2036767,0.7435,5.657,1,0.5111,0,0.5567,HIGH,0.7783,0.6269
CHEMBL1684688,0.1422,5.668,1,0.7404,0,0.6369,HIGH,0.1816,0.0105
CHEMBL2036756,0.957,6.206,1,0.7543,0,0.8901,HIGH,0.945,0.9969
CHEMBL4449815,0.436,5.033,1,0.5267,0,0.2861,HIGH,0.357,0.7007
CHEMBL4747184,0.0332,4.464,1,0.609,0,0.9192,HIGH,0.0404,0.0092
CHEMBL5093378,0.6414,5.976,0,0.2672,0,0.3509,LOW,0.6755,0.5273
CHEMBL4459066,0.0887,4.987,0,0.3841,0,0.7707,LOW,0.1146,0.002
CHEMBL2324355,0.2699,5.363,0,0.3616,0,0.3554,LOW,0.3223,0.0945
CHEMBL271631,0.9863,5.817,1,0.6705,0,0.9661,HIGH,0.9831,0.9973
CHEMBL1086317,0.7453,5.407,0,0.4728,0,0.4203,LOW,0.7102,0.8631
LJJDESBRAYSEJO-XFMPKHEZSA-N,0.3633,5.072,1,0.68,0,0.4041,HIGH,0.298,0.582
CHEMBL233612,0.3472,5.284,0,0.291,0,0.4049,LOW,0.2975,0.5133
CHEMBL1258380,0.9936,6.222,1,0.7673,0,0.9839,HIGH,0.992,0.999
CHEMBL3958309,0.9863,6.582,1,0.78,0,0.9646,HIGH,0.9823,0.9998
CHEMBL63560,0.1648,4.954,0,0.3232,0,0.5864,LOW,0.2068,0.0242
CHEMBL409,0.1648,4.954,0,0.3232,0,0.5864,LOW,0.2068,0.0242
CHEMBL3605007,0.4829,5.237,1,0.778,1,0.0793,MEDIUM,0.4603,0.5584
CHEMBL2086582,0.2211,5.047,0,0.3665,0,0.5295,LOW,0.2353,0.1735
CHEMBL551386,0.8993,5.489,1,0.5622,0,0.7973,HIGH,0.8986,0.9015
CHEMBL1681819,0.143,5.502,1,0.6777,0,0.6313,HIGH,0.1844,0.0045
CHEMBL3604331,0.1558,4.719,0,0.4731,0,0.7371,LOW,0.1315,0.2374
CHEMBL4168533,0.2522,4.843,0,0.3333,0,0.57,LOW,0.215,0.3766
CHEMBL1957793,0.7082,5.268,0,0.4726,0,0.2585,LOW,0.6292,0.9723
CHEMBL1684683,0.1337,5.675,1,0.7024,0,0.7775,HIGH,0.1112,0.2089
CHEMBL1964945,0.2577,5.407,0,0.2913,0,0.5221,LOW,0.239,0.3206
CHEMBL246050,0.4023,4.741,1,0.7543,1,0.127,MEDIUM,0.4365,0.2879
CHEMBL3753978,0.5078,5.306,1,0.6685,1,0.1,MEDIUM,0.45,0.7013
CHEMBL1097467,0.5359,5.824,1,0.6871,1,0.0772,MEDIUM,0.4614,0.7854
CHEMBL4278161,0.9588,6.286,1,0.5393,0,0.8943,HIGH,0.9471,0.9978
CHEMBL3604999,0.2869,5.19,1,0.7556,0,0.423,HIGH,0.2885,0.2814
CHEMBL2386636,0.3828,4.765,0,0.4282,0,0.3441,LOW,0.3279,0.5663
CHEMBL3589152,0.2672,5.065,0,0.299,0,0.3902,LOW,0.3049,0.141
CHEMBL556093,0.3073,5.298,1,0.803,0,0.4123,HIGH,0.2938,0.3524
CHEMBL3699565,0.9237,5.931,1,0.7461,0,0.8338,HIGH,0.9169,0.9467
CHEMBL515919,0.7093,5.752,1,0.6813,0,0.2449,HIGH,0.6225,1.0
CHEMBL177807,0.7614,5.441,1,0.5364,0,0.383,HIGH,0.6915,0.9953
CHEMBL3740162,0.2848,5.989,0,0.395,0,0.6239,LOW,0.1881,0.6089
LMZPNUTXBLCHOF-UHFFFAOYSA-N,0.2606,5.159,1,0.6126,0,0.3443,HIGH,0.3279,0.0353
CHEMBL399232,0.1427,4.975,1,0.6159,0,0.6327,HIGH,0.1837,0.0055
CHEMBL5075517,0.2861,5.129,1,0.6624,0,0.4842,HIGH,0.2579,0.3807
CHEMBL3416023,0.77,5.137,1,0.642,0,0.7303,HIGH,0.8652,0.4515
CHEMBL4287698,0.805,6.159,0,0.3489,0,0.5108,LOW,0.7554,0.9709
LOAVXRSZRSGZNK-UHFFFAOYSA-N,0.0437,4.573,1,0.7024,0,0.92,HIGH,0.04,0.0561
CHEMBL2028046,0.6596,5.718,0,0.3067,0,0.2406,LOW,0.6203,0.7913
CHEMBL222863,0.0771,4.283,0,0.2193,0,0.7997,LOW,0.1001,0.0
CHEMBL1818296,0.6942,5.632,0,0.3196,0,0.2059,LOW,0.6029,0.9998
CHEMBL2207672,0.6186,5.703,1,0.642,0,0.5397,HIGH,0.7698,0.1125
CHEMBL4646921,0.107,5.285,1,0.5533,0,0.7923,HIGH,0.1038,0.1174
CHEMBL2312648,0.4885,5.547,1,0.6239,1,0.0447,MEDIUM,0.5224,0.375
CHEMBL4636824,0.0809,5.593,1,0.5811,0,0.7999,HIGH,0.1001,0.0169
CHEMBL2180034,0.2917,5.25,1,0.5997,0,0.3303,HIGH,0.3349,0.1474
CHEMBL2324238,0.8185,5.482,1,0.5568,0,0.6169,HIGH,0.8084,0.8522
CHEMBL2069427,0.3634,4.924,1,0.6578,0,0.4445,HIGH,0.2777,0.6501
CHEMBL1083427,0.8616,5.698,0,0.4211,0,0.6892,LOW,0.8446,0.9185
CHEMBL1782572,0.4798,4.959,1,0.7573,1,0.0472,MEDIUM,0.4764,0.4911
CHEMBL2069505,0.9925,6.784,1,0.8019,0,0.9822,HIGH,0.9911,0.9973
LRUCLVITMJKUIO-XXBNENTESA-N,0.7312,6.159,1,0.7571,0,0.5462,HIGH,0.7731,0.5909
CHEMBL3786182,0.3294,4.975,0,0.4613,1,0.1919,LOW,0.4041,0.0796
CHEMBL4068539,0.6645,5.377,1,0.6479,0,0.2453,HIGH,0.6226,0.8046
CHEMBL2059324,0.8221,5.372,1,0.6564,0,0.5388,HIGH,0.7694,0.9984
CHEMBL4745425,0.49,5.274,1,0.6669,1,0.0532,MEDIUM,0.5266,0.3673
CHEMBL4635160,0.7069,5.374,0,0.298,0,0.3019,LOW,0.6509,0.8942
CHEMBL1094658,0.1845,5.123,1,0.7238,0,0.521,HIGH,0.2395,0.0003
CHEMBL3688197,0.1727,5.048,0,0.3531,0,0.5516,LOW,0.2242,0.0004
CHEMBL4217292,0.535,5.352,0,0.2808,1,0.0048,LOW,0.4976,0.6602
CHEMBL4642934,0.1426,5.657,1,0.5545,0,0.6495,HIGH,0.1753,0.0332
CHEMBL3290346,0.202,4.64,1,0.6475,0,0.7894,HIGH,0.1053,0.5258
CHEMBL4643001,0.8689,5.322,1,0.671,0,0.7618,HIGH,0.8809,0.8288
CHEMBL2441419,0.5587,4.882,1,0.786,1,0.1221,MEDIUM,0.4389,0.9598
CHEMBL3127707,0.0564,4.551,1,0.6179,0,0.8588,HIGH,0.0706,0.0089
CHEMBL565829,0.3054,5.189,0,0.2478,0,0.2152,LOW,0.3924,0.0141
CHEMBL4754597,0.2734,4.879,1,0.5674,0,0.509,HIGH,0.2455,0.3669
CHEMBL4640428,0.3678,5.094,1,0.5569,1,0.1883,MEDIUM,0.4058,0.2404
CHEMBL2040895,0.4772,5.335,1,0.7532,1,0.1359,MEDIUM,0.4321,0.6281
LUNVJLGVMLVBOP-UHFFFAOYSA-N,0.9791,6.615,1,0.7553,0,0.9456,HIGH,0.9728,1.0
LUODNKWFGRJVEH-UHFFFAOYSA-N,0.7868,5.896,1,0.6265,0,0.6133,HIGH,0.8066,0.7203
CHEMBL3792861,0.6386,5.018,1,0.6761,1,0.0832,MEDIUM,0.5416,0.9632
CHEMBL3099951,0.9484,6.175,1,0.6673,0,0.8678,HIGH,0.9339,0.9972
CHEMBL5089539,0.1417,4.723,1,0.6665,0,0.7139,HIGH,0.143,0.1372
CHEMBL4084304,0.5032,5.1,1,0.6576,1,0.1874,MEDIUM,0.4063,0.8274
CHEMBL4564126,0.1728,5.737,0,0.3924,0,0.5687,LOW,0.2156,0.0295
LVHUHUSLXGNDSQ-UHFFFAOYSA-N,0.7864,5.135,1,0.7562,0,0.7046,HIGH,0.8523,0.5658
LVTITHFSOZBRMM-UHFFFAOYSA-N,0.9167,5.813,1,0.5744,0,0.784,HIGH,0.892,0.9995
LVYKJFMGPICBJK-UHFFFAOYSA-N,0.1272,4.694,0,0.481,0,0.7711,LOW,0.1145,0.17
CHEMBL2164397,0.7347,5.388,1,0.6968,0,0.4699,HIGH,0.7349,0.7338
LWAMGHCFIUVAKW-NKWVEPMBSA-N,0.0525,4.657,0,0.4843,0,0.9062,LOW,0.0469,0.0713
LWAMGHCFIUVAKW-RNFRBKRXSA-N,0.0525,4.657,0,0.4843,0,0.9062,LOW,0.0469,0.0713
CHEMBL4551177,0.7773,5.992,1,0.7013,0,0.5678,HIGH,0.7839,0.7554
CHEMBL2069510,0.9133,6.296,1,0.7088,0,0.7896,HIGH,0.8948,0.9754
LXBZRTFPUMGGNZ-UHFFFAOYSA-N,0.0515,4.792,1,0.6945,0,0.8818,HIGH,0.0591,0.026
CHEMBL4249629,0.2088,4.697,1,0.7552,0,0.6493,HIGH,0.1753,0.321
CHEMBL4751971,0.9808,7.531,1,0.7385,0,0.9513,HIGH,0.9757,0.9981
CHEMBL1760251,0.8228,5.541,1,0.6721,0,0.6648,HIGH,0.8324,0.7906
CHEMBL3422982,0.4908,5.548,1,0.5003,0,0.3098,HIGH,0.3451,0.9784
CHEMBL3650841,0.5348,5.133,1,0.5818,1,0.0041,MEDIUM,0.498,0.6579
CHEMBL1082496,0.7093,5.324,1,0.7327,0,0.5553,HIGH,0.7777,0.4805
CHEMBL5087175,0.6938,5.294,0,0.2847,0,0.2526,LOW,0.6263,0.9195
CHEMBL3586440,0.1701,4.659,0,0.3853,0,0.7449,LOW,0.1275,0.3126
CHEMBL3417043,0.5803,5.415,1,0.5341,1,0.0025,MEDIUM,0.5013,0.8448
CHEMBL1093362,0.4209,5.154,1,0.6526,1,0.0578,MEDIUM,0.4711,0.2527
CHEMBL1289386,0.7853,5.526,1,0.7424,0,0.4673,HIGH,0.7337,0.9582
LZYHBBIARMIKJV-UHFFFAOYSA-N,0.9526,5.915,0,0.4664,0,0.877,LOW,0.9385,0.9998
MACPRACNPYALGP-UHFFFAOYSA-N,0.9403,5.659,1,0.6756,0,0.8472,HIGH,0.9236,0.9961
CHEMBL523535,0.9226,5.884,1,0.5388,0,0.8021,HIGH,0.901,0.9948
CHEMBL3800606,0.3608,4.958,0,0.2538,0,0.245,LOW,0.3775,0.3049
CHEMBL3585955,0.2425,5.001,0,0.2853,0,0.4188,LOW,0.2906,0.0815
CHEMBL3422765,0.6388,5.734,1,0.758,1,0.0874,MEDIUM,0.5437,0.9572
CHEMBL469950,0.5507,4.928,1,0.7393,1,0.0757,MEDIUM,0.4622,0.8469
CHEMBL4745796,0.3304,5.329,1,0.8213,0,0.3508,HIGH,0.3246,0.3499
MCXXAYHNCRXBKX-NEPJUHHUSA-N,0.233,4.941,0,0.4837,0,0.5653,LOW,0.2174,0.2854
CHEMBL4472377,0.563,5.614,1,0.5931,1,0.0657,MEDIUM,0.4671,0.8839
CHEMBL2381898,0.5094,5.251,0,0.3753,1,0.0048,LOW,0.5024,0.5326
CHEMBL174457,0.8921,5.828,1,0.6781,0,0.805,HIGH,0.9025,0.8573
CHEMBL272702,0.8389,5.558,1,0.6502,0,0.6138,HIGH,0.8069,0.9458
CHEMBL4645343,0.6937,6.137,0,0.3691,0,0.3533,LOW,0.6766,0.7506
CHEMBL1951899,0.6449,4.991,1,0.6762,1,0.1309,MEDIUM,0.5654,0.9109
CHEMBL1927832,0.0418,4.706,1,0.5569,0,0.8968,HIGH,0.0516,0.0091
CHEMBL1730394,0.4194,5.61,0,0.329,1,0.0646,LOW,0.4677,0.2578
CHEMBL4459792,0.4269,5.778,1,0.772,0,0.2788,HIGH,0.3606,0.6491
CHEMBL2315927,0.3532,4.644,1,0.7276,0,0.6698,HIGH,0.1651,0.9827
CHEMBL1835141,0.7568,5.5,1,0.6609,0,0.5237,HIGH,0.7618,0.7399
CHEMBL3793060,0.7424,5.092,1,0.6894,0,0.4111,HIGH,0.7056,0.8659
CHEMBL2028043,0.0689,4.827,0,0.2752,0,0.8233,LOW,0.0883,0.0036
CHEMBL4642508,0.0432,5.285,1,0.6392,0,0.8891,HIGH,0.0555,0.0019
CHEMBL490937,0.589,5.374,0,0.4087,1,0.1501,LOW,0.5751,0.6356
CHEMBL2391788,0.2342,5.027,1,0.6791,0,0.5666,HIGH,0.2167,0.2929
CHEMBL4435877,0.1579,5.13,1,0.577,0,0.6896,HIGH,0.1552,0.1668
CHEMBL4876389,0.7697,5.093,1,0.628,0,0.4542,HIGH,0.7271,0.9124
CHEMBL2207500,0.2193,4.814,1,0.7242,0,0.4888,HIGH,0.2556,0.0978
CHEMBL3329819,0.0723,4.862,1,0.5157,0,0.8225,HIGH,0.0887,0.0172
MHFVKTJHLKVXQQ-AEFFLSMTSA-N,0.2554,4.808,1,0.5079,0,0.3842,HIGH,0.3079,0.0797
MHFVKTJHLKVXQQ-ATNAJCNCSA-N,0.2554,4.808,1,0.5079,0,0.3842,HIGH,0.3079,0.0797
CHEMBL2042163,0.2688,5.404,0,0.4579,0,0.3152,LOW,0.3424,0.0222
CHEMBL4218430,0.2623,5.518,0,0.3318,0,0.4953,LOW,0.2523,0.2958
CHEMBL3115116,0.0094,4.042,1,0.8644,0,0.9756,HIGH,0.0122,0.0001
MHZIGJBWNNGGBZ-UHFFFAOYSA-N,0.1551,5.003,0,0.3887,0,0.5981,LOW,0.201,0.0015
MHZZVGCHJXSMAS-UHFFFAOYSA-N,0.9801,6.143,1,0.6017,0,0.9485,HIGH,0.9743,0.9995
CHEMBL532987,0.4929,5.187,0,0.2874,0,0.2282,LOW,0.3859,0.8509
CHEMBL4796436,0.2267,4.719,1,0.5416,0,0.5017,HIGH,0.2492,0.1514
CHEMBL556312,0.908,5.65,0,0.4296,0,0.7626,LOW,0.8813,0.9973
CHEMBL230671,0.6686,5.912,1,0.5136,0,0.3266,HIGH,0.6633,0.6863
CHEMBL3357634,0.2002,5.505,1,0.7192,0,0.5239,HIGH,0.2381,0.0735
CHEMBL402087,0.9924,6.022,1,0.7837,0,0.9806,HIGH,0.9903,0.9997
CHEMBL428747,0.0586,4.321,1,0.5232,0,0.8477,HIGH,0.0762,0.0
CHEMBL551471,0.439,5.246,1,0.6924,1,0.0119,MEDIUM,0.506,0.215
CHEMBL2326477,0.3835,5.38,1,0.666,1,0.1597,MEDIUM,0.4202,0.2606
CHEMBL3823301,0.3035,4.83,1,0.5815,0,0.5546,HIGH,0.2227,0.5742
MKIPSVFIUPQSPC-SFTDATJTSA-N,0.1842,4.462,1,0.8043,0,0.8692,HIGH,0.0654,0.5822
CHEMBL4644636,0.2168,4.989,1,0.5075,0,0.4613,HIGH,0.2693,0.0411
CHEMBL4539841,0.5867,5.762,1,0.7168,1,0.0651,MEDIUM,0.5325,0.768
CHEMBL1258381,0.9947,6.138,1,0.7583,0,0.9866,HIGH,0.9933,0.9992
CHEMBL1762472,0.8789,5.482,0,0.3462,0,0.7141,LOW,0.857,0.9522
CHEMBL4850731,0.1631,4.873,0,0.321,0,0.6786,LOW,0.1607,0.171
MKXCZQZVGINDAG-UHFFFAOYSA-N,0.8485,5.752,0,0.4457,0,0.6068,LOW,0.8034,0.9995
CHEMBL4876889,0.9547,5.974,1,0.7975,0,0.8855,HIGH,0.9428,0.9945
CHEMBL1784466,0.1912,4.687,1,0.6722,0,0.5942,HIGH,0.2029,0.1522
CHEMBL1938952,0.1943,5.144,0,0.3444,0,0.5149,LOW,0.2426,0.0328
CHEMBL4061488,0.94,5.772,1,0.8112,0,0.8458,HIGH,0.9229,0.9972
CHEMBL3596505,0.1414,4.697,1,0.7588,0,0.7031,HIGH,0.1485,0.1179
CHEMBL3263270,0.1579,4.676,1,0.7025,0,0.6062,HIGH,0.1969,0.0274
CHEMBL1290731,0.3057,5.032,1,0.5579,0,0.3988,HIGH,0.3006,0.323
MLUVEMSNRPMVHW-UHFFFAOYSA-N,0.8736,5.95,1,0.516,0,0.7165,HIGH,0.8582,0.925
CHEMBL256473,0.9957,5.894,1,0.7375,0,0.9903,HIGH,0.9952,0.9976
CHEMBL4079225,0.8177,5.362,1,0.6391,0,0.5389,HIGH,0.7694,0.9794
CHEMBL3422758,0.7686,6.108,1,0.6869,0,0.4306,HIGH,0.7153,0.9473
MNAXXXADIXEEEN-UHFFFAOYSA-N,0.162,5.398,1,0.7374,0,0.6521,HIGH,0.174,0.1219
CHEMBL5087842,0.8348,5.274,1,1.0,0,0.5922,HIGH,0.7961,0.9643
CHEMBL534283,0.3416,5.473,0,0.2553,0,0.3285,LOW,0.3357,0.3612
MNOAWTHFMRYBAW-UHFFFAOYSA-N,0.7952,5.623,1,0.6101,0,0.51,HIGH,0.755,0.9298
CHEMBL2325217,0.8901,5.757,1,0.5124,0,0.7262,HIGH,0.8631,0.9806
CHEMBL5078692,0.1639,5.036,0,0.4708,0,0.6378,LOW,0.1811,0.1061
CHEMBL602586,0.5914,5.758,0,0.2624,1,0.1657,LOW,0.5828,0.62
MOSUHPUFLYLQDT-PEBXRYMYSA-N,0.9429,6.86,1,0.7273,0,0.8697,HIGH,0.9349,0.9698
CHEMBL1099211,0.2466,5.882,1,0.7742,0,0.4516,HIGH,0.2742,0.1544
CHEMBL487912,0.8528,5.425,1,0.596,0,0.6462,HIGH,0.8231,0.9524
CHEMBL554299,0.2983,4.934,0,0.4534,0,0.4728,LOW,0.2636,0.4143
CHEMBL580654,0.1824,5.183,1,0.5465,0,0.6348,HIGH,0.1826,0.1818
CHEMBL3353541,0.2665,5.24,0,0.276,0,0.3609,LOW,0.3196,0.089
CHEMBL1921895,0.3669,5.176,1,0.6151,0,0.3746,HIGH,0.3127,0.5485
CHEMBL4070542,0.1665,4.634,1,0.695,0,0.7519,HIGH,0.124,0.3088
CHEMBL2333619,0.7818,5.018,1,0.692,0,0.452,HIGH,0.726,0.9684
CHEMBL564059,0.1923,5.394,1,0.7011,0,0.6219,HIGH,0.1891,0.2029
CHEMBL4870339,0.0368,5.168,1,0.6867,0,0.9046,HIGH,0.0477,0.0004
CHEMBL4074997,0.7546,5.384,1,0.6674,0,0.4458,HIGH,0.7229,0.8606
CHEMBL4066520,0.5377,5.206,0,0.3649,1,0.0583,LOW,0.4709,0.7613
CHEMBL3775482,0.9933,6.865,1,0.7152,0,0.986,HIGH,0.993,0.9945
CHEMBL1782378,0.3123,4.881,1,0.599,0,0.4817,HIGH,0.2592,0.4901
CHEMBL2177913,0.727,5.598,1,0.6609,0,0.499,HIGH,0.7495,0.6518
CHEMBL2177912,0.727,5.598,1,0.6609,0,0.499,HIGH,0.7495,0.6518
CHEMBL225311,0.8839,5.305,1,0.7732,0,0.7591,HIGH,0.8796,0.8984
CHEMBL3359239,0.9576,6.293,1,0.5034,0,0.8975,HIGH,0.9487,0.9872
CHEMBL4093540,0.5522,4.957,1,0.6679,1,0.0056,MEDIUM,0.4972,0.7365
CHEMBL4792651,0.3457,5.011,0,0.481,0,0.3775,LOW,0.3113,0.4611
CHEMBL4562181,0.4717,5.124,1,0.6134,1,0.1641,MEDIUM,0.5821,0.1023
CHEMBL4878007,0.6222,5.462,0,0.3762,1,0.0346,LOW,0.5173,0.9734
MTRRZGZVHTYSCU-UHFFFAOYSA-N,0.1279,4.718,1,0.5736,0,0.8471,HIGH,0.0764,0.3
CHEMBL1800772,0.5377,5.291,0,0.3644,0,0.2405,LOW,0.6203,0.2613
CHEMBL2152523,0.4479,5.072,1,0.6526,0,0.2958,HIGH,0.3521,0.7684
CHEMBL2152522,0.4479,5.072,1,0.6526,0,0.2958,HIGH,0.3521,0.7684
CHEMBL2024392,0.0806,5.36,1,0.9097,0,0.7907,HIGH,0.1046,0.0003
CHEMBL3545367,0.4044,4.997,0,0.2859,1,0.0051,LOW,0.4975,0.0928
CHEMBL4065160,0.2793,5.096,0,0.3427,0,0.2749,LOW,0.3625,0.0006
CHEMBL2440395,0.3986,5.114,0,0.3995,0,0.3017,LOW,0.3491,0.5641
CHEMBL3604426,0.202,4.763,0,0.4717,0,0.6805,LOW,0.1598,0.3433
MUMVFZQOXPRNRA-UHFFFAOYSA-N,0.8991,5.869,1,0.6678,0,0.7387,HIGH,0.8693,0.9986
CHEMBL4520755,0.658,5.502,1,0.6109,0,0.2183,HIGH,0.6091,0.8214
CHEMBL4442416,0.658,5.502,1,0.6109,0,0.2183,HIGH,0.6091,0.8214
CHEMBL4098434,0.6646,5.574,1,0.7952,1,0.1387,MEDIUM,0.5693,0.9834
MVMPGBQFAWCGBD-CQSZACIVSA-N,0.8243,5.079,1,0.5227,0,0.5626,HIGH,0.7813,0.9683
CHEMBL2391647,0.0794,5.068,1,0.6984,0,0.8016,HIGH,0.0992,0.013
CHEMBL214957,0.8505,5.712,1,0.5579,0,0.6293,HIGH,0.8146,0.9703
CHEMBL4202587,0.5264,5.31,0,0.2682,1,0.0065,LOW,0.4968,0.6256
CHEMBL271632,0.9668,5.509,1,0.6748,0,0.9144,HIGH,0.9572,0.9991
CHEMBL3091687,0.9003,5.377,1,0.7118,0,0.7761,HIGH,0.888,0.9414
CHEMBL2333633,0.6973,4.95,1,0.7145,0,0.2544,HIGH,0.6272,0.932
MYNBCWZWZNXKKD-CYBMUJFWSA-N,0.878,5.403,1,0.5592,0,0.6975,HIGH,0.8487,0.976
CHEMBL5073571,0.6835,4.997,1,0.6058,0,0.2321,HIGH,0.616,0.9094
CHEMBL1271476,0.4589,5.512,0,0.3168,1,0.027,LOW,0.5135,0.2763
CHEMBL1761526,0.9724,6.189,1,0.731,0,0.9283,HIGH,0.9642,1.0
CHEMBL1800776,0.5134,5.283,0,0.3602,0,0.2621,LOW,0.631,0.1195
CHEMBL217593,0.8805,5.949,1,0.7109,0,0.6958,HIGH,0.8479,0.9897
CHEMBL3747481,0.6837,5.059,1,0.6921,1,0.1955,MEDIUM,0.5978,0.9713
CHEMBL3318984,0.6163,5.5,1,0.6199,0,0.4873,HIGH,0.7436,0.1902
CHEMBL3590467,0.8197,6.32,1,0.4973,0,0.5609,HIGH,0.7804,0.9511
CHEMBL4212656,0.3844,4.876,1,0.5886,1,0.1609,MEDIUM,0.4195,0.2667
CHEMBL3422965,0.6473,5.885,1,0.5545,1,0.1154,MEDIUM,0.5577,0.9472
CHEMBL520463,0.1219,4.716,1,0.6446,0,0.7909,HIGH,0.1046,0.18
CHEMBL4166742,0.1146,4.532,0,0.2765,0,0.7026,LOW,0.1487,0.0006
CHEMBL564144,0.972,6.128,1,0.6897,0,0.9479,HIGH,0.9739,0.9654
CHEMBL3421927,0.497,5.715,1,0.5402,1,0.1336,MEDIUM,0.4332,0.7108
CHEMBL217347,0.2206,5.384,0,0.3345,0,0.5245,LOW,0.2378,0.1633
CHEMBL1834652,0.5792,5.559,1,0.6564,1,0.008,MEDIUM,0.496,0.8578
CHEMBL564812,0.2787,4.88,0,0.4234,0,0.4413,LOW,0.2794,0.2766
CHEMBL2435852,0.1879,4.54,0,0.4576,0,0.7099,LOW,0.145,0.3314
CHEMBL1094512,0.4742,5.364,1,0.6561,1,0.0636,MEDIUM,0.5318,0.2813
NBTIJJVBAGEXFD-UHFFFAOYSA-N,0.9099,5.437,0,0.4405,0,0.7707,LOW,0.8853,0.9923
CHEMBL2153191,0.2429,5.463,0,0.3118,0,0.4881,LOW,0.256,0.1993
CHEMBL4784783,0.1945,4.865,0,0.4834,0,0.6198,LOW,0.1901,0.2093
CHEMBL524467,0.8938,6.837,1,0.6732,0,0.7244,HIGH,0.8622,0.9997
CHEMBL4777515,0.439,5.466,0,0.4448,0,0.2657,LOW,0.3671,0.6798
CHEMBL3125272,0.1143,5.048,0,0.2721,0,0.7091,LOW,0.1454,0.01
CHEMBL1313089,0.2443,5.352,0,0.3663,0,0.5106,LOW,0.2447,0.2428
CHEMBL4541988,0.2981,5.394,0,0.3045,0,0.24,LOW,0.38,0.024
CHEMBL408513,0.149,5.613,0,0.444,0,0.6139,LOW,0.1931,0.0016
NCOSYNYFDVJQLU-UHFFFAOYSA-N,0.6918,5.526,1,0.546,0,0.2223,HIGH,0.6112,0.9617
CHEMBL562870,0.858,5.493,1,0.5898,0,0.6336,HIGH,0.8168,0.9959
CHEMBL2326473,0.0778,4.825,1,0.6292,0,0.871,HIGH,0.0645,0.1222
CHEMBL2181928,0.2252,5.052,0,0.362,0,0.4309,LOW,0.2846,0.0265
CHEMBL4243419,0.2908,5.019,0,0.3276,0,0.2826,LOW,0.3587,0.0635
CHEMBL1172131,0.176,4.658,0,0.4704,0,0.6683,LOW,0.1658,0.21
CHEMBL4525926,0.5857,5.744,1,0.7656,1,0.0323,MEDIUM,0.5161,0.8188
CHEMBL2207661,0.8969,5.9,1,0.6888,0,0.756,HIGH,0.878,0.9602
CHEMBL3127992,0.1349,5.334,0,0.2518,0,0.7098,LOW,0.1451,0.1006
CHEMBL4065208,0.6288,5.624,0,0.282,1,0.1037,LOW,0.5518,0.8866
CHEMBL3354703,0.8283,6.332,1,0.7836,0,0.7089,HIGH,0.8545,0.7409
CHEMBL4215911,0.758,5.373,0,0.3699,0,0.7436,LOW,0.8718,0.3771
CHEMBL4098331,0.7923,5.898,1,0.7196,0,0.5991,HIGH,0.7996,0.7681
CHEMBL1290612,0.8494,5.636,1,0.5396,0,0.6312,HIGH,0.8156,0.9626
CHEMBL3945880,0.5402,5.589,0,0.3474,1,0.0394,LOW,0.5197,0.6088
CHEMBL3952802,0.7309,5.435,1,0.5136,0,0.6665,HIGH,0.8333,0.3882
CHEMBL1800775,0.2601,4.861,0,0.3787,0,0.3393,LOW,0.3304,0.0247
CHEMBL247842,0.8229,5.737,1,0.6323,0,0.6778,HIGH,0.8389,0.7695
CHEMBL4790592,0.8971,7.173,1,0.6337,0,0.7359,HIGH,0.8679,0.9946
CHEMBL4467839,0.5666,5.222,1,0.6668,0,0.2807,HIGH,0.6403,0.3198
CHEMBL2316209,0.1577,4.663,1,0.678,0,0.6632,HIGH,0.1684,0.1218
CHEMBL4079206,0.5811,5.33,0,0.2458,1,0.0875,LOW,0.4562,0.9989
CHEMBL1389047,0.4763,5.237,0,0.2954,0,0.3579,LOW,0.3211,0.9959
CHEMBL2036730,0.1972,4.978,0,0.406,0,0.5097,LOW,0.2451,0.0367
NGKARPNDTRDPQL-UHFFFAOYSA-N,0.1299,4.91,1,0.6558,0,0.7627,HIGH,0.1186,0.1677
CHEMBL3422970,0.6285,5.743,1,0.502,1,0.0478,MEDIUM,0.5239,0.9786
CHEMBL4276988,0.0896,4.778,0,0.2905,0,0.7761,LOW,0.1119,0.0149
CHEMBL384658,0.4459,5.603,1,0.6649,0,0.2969,HIGH,0.3516,0.7616
CHEMBL4520763,0.1714,5.348,0,0.4144,0,0.5787,LOW,0.2107,0.0401
NHTAIJISQFPYEN-UHFFFAOYSA-N,0.5201,4.979,1,0.6192,1,0.0843,MEDIUM,0.4578,0.7286
CHEMBL1682748,0.2334,5.68,1,0.7216,0,0.6017,HIGH,0.1992,0.3479
CHEMBL1172626,0.8304,4.957,1,0.7127,0,0.5699,HIGH,0.785,0.9825
CHEMBL1800137,0.4366,4.862,0,0.3658,1,0.0357,LOW,0.5179,0.1644
CHEMBL4243686,0.2775,5.197,1,0.794,0,0.4108,HIGH,0.2946,0.2203
CHEMBL4105616,0.1616,4.741,0,0.2947,0,0.6398,LOW,0.1801,0.0995
CHEMBL493972,0.6763,5.95,1,0.5142,1,0.1887,MEDIUM,0.5944,0.9504
CHEMBL4238909,0.1676,5.031,1,0.7867,0,0.5871,HIGH,0.2065,0.0376
CHEMBL238870,0.311,4.57,1,0.8925,0,0.4593,HIGH,0.2704,0.4469
CHEMBL4536241,0.1956,5.13,1,0.6844,0,0.56,HIGH,0.22,0.1138
CHEMBL4743615,0.8281,5.99,1,0.5414,0,0.6719,HIGH,0.836,0.8017
CHEMBL1668240,0.332,5.368,1,0.6813,0,0.3013,HIGH,0.3494,0.2739
CHEMBL472125,0.4398,5.531,1,0.5653,1,0.0861,MEDIUM,0.4569,0.3823
NKDVESFPKPIDIQ-WGDIFIGCSA-N,0.9212,5.448,1,0.811,0,0.8547,HIGH,0.9274,0.9006
CHEMBL1079578,0.9821,6.177,1,0.5792,0,0.9626,HIGH,0.9813,0.9848
CHEMBL214768,0.8823,6.062,1,0.7304,0,0.7029,HIGH,0.8515,0.9857
CHEMBL3329684,0.3625,5.777,0,0.3674,1,0.0625,LOW,0.4688,0.0068
CHEMBL4103746,0.281,4.877,1,0.5346,0,0.3281,HIGH,0.3359,0.0971
CHEMBL3104250,0.1467,4.831,0,0.3073,0,0.6896,LOW,0.1552,0.1183
CHEMBL3752808,0.3276,5.191,1,0.6651,1,0.1935,MEDIUM,0.4032,0.0742
CHEMBL1092169,0.2664,5.552,0,0.3389,0,0.4313,LOW,0.2843,0.2062
CHEMBL4060776,0.507,4.867,1,0.7319,1,0.0789,MEDIUM,0.4606,0.6623
NLLQBYDAGGXFCP-UHFFFAOYSA-N,0.8221,5.474,1,0.5481,0,0.585,HIGH,0.7925,0.9211
CHEMBL1170608,0.3611,4.952,0,0.4506,0,0.212,LOW,0.394,0.2509
CHEMBL3092198,0.4235,5.029,1,0.6012,1,0.1694,MEDIUM,0.4153,0.4508
CHEMBL3578245,0.3619,5.25,0,0.4434,0,0.284,LOW,0.358,0.3748
CHEMBL2028048,0.3131,5.332,0,0.3627,0,0.504,LOW,0.248,0.531
CHEMBL536393,0.1859,5.227,1,0.5343,0,0.6324,HIGH,0.1838,0.1932
CHEMBL3920167,0.9934,6.549,1,0.7516,0,0.983,HIGH,0.9915,1.0
CHEMBL576256,0.4737,5.216,0,0.2439,1,0.1733,LOW,0.5867,0.0955
CHEMBL1823048,0.3186,4.872,0,0.4587,0,0.6064,LOW,0.1968,0.7261
CHEMBL1097882,0.3186,4.872,0,0.4587,0,0.6064,LOW,0.1968,0.7261
CHEMBL490026,0.7476,5.417,1,0.5696,0,0.345,HIGH,0.6725,0.999
CHEMBL4748094,0.3191,4.854,0,0.3653,0,0.6821,LOW,0.159,0.8551
CHEMBL4444261,0.922,5.818,1,0.714,0,0.7994,HIGH,0.8997,0.9968
CHEMBL3120265,0.8448,5.542,1,0.6089,0,0.664,HIGH,0.832,0.8875
CHEMBL4575608,0.4448,5.793,1,0.6407,1,0.1105,MEDIUM,0.4447,0.4451
CHEMBL1922933,0.1776,5.274,0,0.2722,0,0.5783,LOW,0.2108,0.0664
CHEMBL472442,0.8866,5.253,1,0.856,0,0.7232,HIGH,0.8616,0.9702
CHEMBL267320,0.8165,5.119,1,0.7195,0,0.5605,HIGH,0.7802,0.938
CHEMBL462605,0.9498,6.001,0,0.4582,0,0.9076,LOW,0.9538,0.9365
CHEMBL551927,0.9526,6.875,1,0.5226,0,0.8782,HIGH,0.9391,0.9977
CHEMBL2312553,0.9249,6.029,1,0.6057,0,0.813,HIGH,0.9065,0.9865
CHEMBL3219283,0.2704,5.311,0,0.2667,0,0.4301,LOW,0.285,0.2215
CHEMBL219074,0.466,4.802,1,0.5401,0,0.2925,HIGH,0.3537,0.842
CHEMBL4576302,0.4734,5.557,1,0.6676,1,0.0364,MEDIUM,0.5182,0.3234
CHEMBL514011,0.069,4.869,1,0.6343,0,0.8606,HIGH,0.0697,0.0666
CHEMBL4476674,0.3108,5.469,1,0.7688,0,0.3494,HIGH,0.3253,0.2624
CHEMBL2332448,0.209,5.475,0,0.4609,0,0.5524,LOW,0.2238,0.1597
NOZAHGUXMSQBKL-UHFFFAOYSA-N,0.9905,5.872,1,0.7185,0,0.9754,HIGH,0.9877,1.0
CHEMBL4211535,0.6197,5.24,1,0.6074,0,0.5287,HIGH,0.7644,0.1354
NPZARRGSHYKXTB-OAHLLOKOSA-N,0.8855,5.635,1,0.521,0,0.7154,HIGH,0.8577,0.9784
CHEMBL1951612,0.4207,4.916,1,0.7092,0,0.2288,HIGH,0.3856,0.5384
CHEMBL589205,0.443,5.313,0,0.2501,0,0.3458,LOW,0.3271,0.8312
CHEMBL4466654,0.1578,5.632,1,0.5234,0,0.6138,HIGH,0.1931,0.0396
NQWHSRRBFUUUAC-PMACEKPBSA-N,0.0287,4.536,1,0.7652,0,0.9363,HIGH,0.0319,0.0182
CHEMBL488730,0.8259,5.556,1,0.5966,0,0.663,HIGH,0.8315,0.8071
CHEMBL256015,0.9906,5.789,1,0.7406,0,0.9763,HIGH,0.9881,0.9987
CHEMBL3585951,0.5116,5.192,0,0.2752,1,0.1665,LOW,0.5832,0.2715
CHEMBL4878917,0.7012,5.337,0,0.4119,0,0.2629,LOW,0.6314,0.935
CHEMBL3585957,0.6175,5.318,0,0.268,0,0.4796,LOW,0.7398,0.2078
CHEMBL3800449,0.2616,4.759,0,0.2868,0,0.4565,LOW,0.2717,0.2277
CHEMBL4867703,0.1049,4.793,0,0.3245,0,0.7422,LOW,0.1289,0.0247
CHEMBL2391643,0.1023,5.072,1,0.6706,0,0.7656,HIGH,0.1172,0.0521
CHEMBL1958177,0.6113,5.547,1,0.6268,0,0.3182,HIGH,0.6591,0.4511
CHEMBL4635305,0.7104,5.288,1,0.6693,0,0.5591,HIGH,0.7796,0.4789
CHEMBL1939174,0.415,5.245,0,0.2802,1,0.0755,LOW,0.5378,0.004
NVCFHVCBWVPVJC-SHEKXQGRSA-N,0.1468,4.744,0,0.3752,0,0.6441,LOW,0.178,0.0425
CHEMBL1271069,0.53,5.451,1,0.5521,1,0.0862,MEDIUM,0.4569,0.7747
CHEMBL4218344,0.5074,5.931,1,0.6424,1,0.0454,MEDIUM,0.5227,0.4563
NVJRVBQCUIAYAW-UHFFFAOYSA-N,0.5661,4.844,1,0.5755,1,0.1144,MEDIUM,0.5572,0.5961
NVKVAXICGKNAFX-UHFFFAOYSA-N,0.9152,6.406,1,0.5487,0,0.7911,HIGH,0.8956,0.9811
NVPPRZHNQAGZNI-UHFFFAOYSA-N,0.8501,5.523,1,0.5399,0,0.6624,HIGH,0.8312,0.9133
CHEMBL1958171,0.4156,5.233,1,0.5839,1,0.1126,MEDIUM,0.4437,0.3216
CHEMBL3344376,0.3432,5.005,0,0.44,1,0.1126,LOW,0.4437,0.0068
CHEMBL1770752,0.6893,5.43,0,0.3577,0,0.321,LOW,0.6605,0.7858
CHEMBL4446209,0.9444,5.671,1,0.5753,0,0.8568,HIGH,0.9284,0.9982
CHEMBL5076356,0.2324,4.953,1,0.6618,0,0.4425,HIGH,0.2788,0.0772
CHEMBL523525,0.9534,6.04,1,0.5516,0,0.8791,HIGH,0.9395,0.9997
NXRRJKFNWSQVHY-BDAKNGLRSA-N,0.0602,4.849,0,0.4918,0,0.8606,LOW,0.0697,0.0282
NXRRJKFNWSQVHY-IUCAKERBSA-N,0.0602,4.849,0,0.4918,0,0.8606,LOW,0.0697,0.0282
CHEMBL466308,0.444,4.757,1,0.591,0,0.2202,HIGH,0.3899,0.6251
CHEMBL511742,0.444,4.757,1,0.591,0,0.2202,HIGH,0.3899,0.6251
CHEMBL2041186,0.1915,4.795,1,0.7847,0,0.7831,HIGH,0.1085,0.4695
CHEMBL3331502,0.903,5.751,0,0.3535,0,0.7782,LOW,0.8891,0.9495
CHEMBL4571877,0.3911,5.337,1,0.6589,1,0.0753,MEDIUM,0.4624,0.1527
CHEMBL3218482,0.3228,5.122,1,0.7557,0,0.7028,HIGH,0.1486,0.906
CHEMBL4590420,0.2379,4.753,1,0.6528,0,0.5338,HIGH,0.2331,0.2539
CHEMBL1927162,0.9463,5.542,1,0.6496,0,0.8614,HIGH,0.9307,0.9988
CHEMBL2409177,0.106,5.086,1,0.8114,0,0.7869,HIGH,0.1065,0.1042
CHEMBL238871,0.3168,4.918,1,0.8827,0,0.2789,HIGH,0.3606,0.1701
NZMIALRJUDGDME-SFHVURJKSA-N,0.1014,4.946,0,0.3655,0,0.7754,LOW,0.1123,0.0648
CHEMBL402853,0.9787,5.861,1,0.7468,0,0.9451,HIGH,0.9725,0.9994
CHEMBL4099137,0.3654,4.854,1,0.6729,0,0.4144,HIGH,0.2928,0.6086
CHEMBL2325202,0.8713,5.636,1,0.5878,0,0.7302,HIGH,0.8651,0.8919
CHEMBL3359237,0.9527,6.116,0,0.4799,0,0.8996,LOW,0.9498,0.9622
CHEMBL3586435,0.154,4.853,0,0.3992,0,0.7521,LOW,0.1239,0.2544
CHEMBL1684695,0.0982,5.501,1,0.668,0,0.7451,HIGH,0.1275,0.0002
CHEMBL4091680,0.1489,5.351,1,0.5393,0,0.6313,HIGH,0.1843,0.0305
CHEMBL511658,0.7126,6.086,1,0.5918,0,0.3113,HIGH,0.6556,0.9034
OASZVQVLTRULBW-DNOBIOAJSA-N,0.9177,5.309,1,0.8063,0,0.8289,HIGH,0.9144,0.9287
OAUXHFPOFOZZLZ-UHFFFAOYSA-N,0.8237,5.518,1,0.809,0,0.6332,HIGH,0.8166,0.8477
CHEMBL4550207,0.1452,4.808,1,0.5605,0,0.6626,HIGH,0.1687,0.0666
OBAUKTZXPTWSGG-UHFFFAOYSA-N,0.1813,4.94,1,0.7162,0,0.6108,HIGH,0.1946,0.1368
CHEMBL1952143,0.3661,5.191,0,0.2811,0,0.4309,LOW,0.2845,0.6393
CHEMBL480844,0.4697,4.984,0,0.3707,0,0.3281,LOW,0.336,0.9174
CHEMBL2204243,0.1824,4.381,1,0.7697,0,0.59,HIGH,0.205,0.1068
CHEMBL3758932,0.6228,5.701,1,0.7522,0,0.3522,HIGH,0.6761,0.4445
OBVAOTOESQVABX-UHFFFAOYSA-N,0.1215,4.82,1,0.7501,0,0.8742,HIGH,0.0629,0.3177
CHEMBL3326792,0.6031,5.4,1,0.5508,0,0.2814,HIGH,0.6407,0.477
CHEMBL531060,0.1497,4.886,0,0.4215,0,0.6565,LOW,0.1718,0.076
CHEMBL3892952,0.3183,4.982,1,0.5373,0,0.4037,HIGH,0.2981,0.3857
CHEMBL4227550,0.9435,5.586,1,0.677,0,0.8679,HIGH,0.934,0.9753
CHEMBL2204256,0.0978,4.866,1,0.7361,0,0.806,HIGH,0.097,0.1006
CHEMBL4648162,0.1757,4.731,1,0.7931,0,0.6864,HIGH,0.1568,0.2388
CHEMBL3764044,0.2263,4.99,0,0.3908,0,0.4278,LOW,0.2861,0.0263
CHEMBL1089701,0.4464,5.206,1,0.6526,1,0.0124,MEDIUM,0.4938,0.2875
CHEMBL3758410,0.0875,4.94,1,0.7787,0,0.7848,HIGH,0.1076,0.0202
CHEMBL561739,0.2353,5.167,1,0.6862,0,0.5801,HIGH,0.2099,0.3201
ODLAGNXUZAQEJQ-UHFFFAOYSA-N,0.051,4.73,1,0.7482,0,0.9053,HIGH,0.0473,0.0631
CHEMBL3970692,0.8547,5.347,1,0.6726,0,0.7512,HIGH,0.8756,0.7848
CHEMBL514217,0.6453,5.165,0,0.3044,1,0.1382,LOW,0.5691,0.9002
CHEMBL1835057,0.8894,5.415,1,0.7507,0,0.7489,HIGH,0.8745,0.9395
CHEMBL1835058,0.8894,5.415,1,0.7507,0,0.7489,HIGH,0.8745,0.9395
CHEMBL3590457,0.9644,6.781,1,0.5394,0,0.9124,HIGH,0.9562,0.9918
CHEMBL4541637,0.2414,4.823,0,0.4589,0,0.4474,LOW,0.2763,0.1246
OETSVHHBHCIQTP-UHFFFAOYSA-N,0.1226,5.341,1,0.7153,0,0.7064,HIGH,0.1468,0.0416
OEXMEESXYABYFA-UHFFFAOYSA-N,0.7922,5.352,1,0.7013,0,0.4887,HIGH,0.7443,0.9524
CHEMBL4075908,0.7957,5.534,1,0.7682,0,0.5305,HIGH,0.7652,0.8975
CHEMBL3753861,0.5387,5.265,1,0.7119,0,0.202,HIGH,0.601,0.3301
CHEMBL4642317,0.6831,5.769,1,0.7172,0,0.4312,HIGH,0.7156,0.5742
CHEMBL3589153,0.1447,4.976,0,0.2776,0,0.6635,LOW,0.1682,0.0661
CHEMBL3605147,0.7746,6.026,1,0.785,0,0.4801,HIGH,0.74,0.8901
CHEMBL1958173,0.5858,5.717,1,0.6642,1,0.089,MEDIUM,0.5445,0.7242
CHEMBL5081320,0.3537,4.967,1,0.6372,0,0.2419,HIGH,0.379,0.2688
CHEMBL4444902,0.1999,4.798,1,0.6801,0,0.7055,HIGH,0.1473,0.376
CHEMBL587371,0.8216,5.909,0,0.4169,0,0.7111,LOW,0.8555,0.708
CHEMBL1083409,0.1138,4.815,0,0.2856,0,0.7094,LOW,0.1453,0.0085
CHEMBL1171786,0.1004,5.088,1,0.5059,0,0.7395,HIGH,0.1303,0.0005
CHEMBL2177911,0.7757,5.557,1,0.6673,0,0.429,HIGH,0.7145,0.9804
CHEMBL4082661,0.3783,4.807,1,0.6889,0,0.3162,HIGH,0.3419,0.5001
CHEMBL560650,0.9466,5.761,1,0.5685,0,0.882,HIGH,0.941,0.9654
CHEMBL112065,0.9477,6.013,1,0.5161,0,0.8809,HIGH,0.9404,0.972
CHEMBL3422964,0.5727,5.697,1,0.5315,1,0.105,MEDIUM,0.4475,0.992
OKPCNTOTQWKFHG-UHFFFAOYSA-N,0.2452,5.05,0,0.4386,0,0.5467,LOW,0.2266,0.3073
CHEMBL2435858,0.6217,5.415,0,0.4224,1,0.0403,LOW,0.5201,0.9617
CHEMBL3422957,0.6369,6.144,1,0.6511,0,0.4858,HIGH,0.7429,0.2821
CHEMBL563563,0.9417,6.304,1,0.5511,0,0.8604,HIGH,0.9302,0.9801
OLLWXMDGFDGOBR-UHFFFAOYSA-N,0.3807,4.709,1,0.7674,0,0.419,HIGH,0.2905,0.6828
CHEMBL2147024,0.7854,5.856,1,0.5302,0,0.4777,HIGH,0.7388,0.9411
CHEMBL367169,0.8006,5.631,1,0.6251,0,0.6624,HIGH,0.8312,0.6983
CHEMBL3414707,0.3097,4.927,1,0.6595,0,0.5084,HIGH,0.2458,0.5234
CHEMBL3604803,0.7399,5.985,1,0.653,0,0.374,HIGH,0.687,0.9169
CHEMBL4218903,0.6515,5.161,1,0.6567,0,0.5346,HIGH,0.7673,0.2636
CHEMBL4741509,0.3043,5.123,0,0.4928,0,0.4076,LOW,0.2962,0.3317
CHEMBL4066423,0.7268,5.483,1,0.682,0,0.3335,HIGH,0.6667,0.9279
OMXHWXRBTNLINY-LOSJGSFVSA-N,0.9132,5.82,1,0.6487,0,0.7787,HIGH,0.8894,0.9931
OMZJMALNALEQAD-UHFFFAOYSA-N,0.8555,5.426,1,0.6178,0,0.6497,HIGH,0.8248,0.9583
CHEMBL3770802,0.133,4.651,1,0.6152,0,0.6911,HIGH,0.1545,0.061
CHEMBL3605000,0.554,5.486,1,0.7084,1,0.1801,MEDIUM,0.59,0.4334
CHEMBL591147,0.36,6.027,0,0.3911,0,0.4737,LOW,0.2631,0.6842
CHEMBL1085581,0.7286,7.266,1,0.5936,0,0.3243,HIGH,0.6621,0.9511
CHEMBL220807,0.3992,5.737,1,0.5951,0,0.4668,HIGH,0.2666,0.843
CHEMBL3828718,0.1392,4.781,1,0.59,0,0.654,HIGH,0.173,0.0259
CHEMBL3936943,0.2016,5.126,1,0.8356,0,0.5334,HIGH,0.2333,0.0957
CHEMBL2017416,0.5769,5.795,1,0.6287,0,0.313,HIGH,0.6565,0.3105
CHEMBL604102,0.5822,5.135,0,0.2596,0,0.2189,LOW,0.6094,0.491
CHEMBL4097359,0.6756,5.222,1,0.6819,0,0.2125,HIGH,0.6062,0.9077
CHEMBL2036760,0.7993,5.648,1,0.604,0,0.632,HIGH,0.816,0.7433
CHEMBL1224068,0.907,5.76,1,0.7287,0,0.8137,HIGH,0.9069,0.9075
CHEMBL3604688,0.5806,6.011,1,0.6637,0,0.2263,HIGH,0.6132,0.4716
CHEMBL2017058,0.1507,5.026,0,0.3679,0,0.6875,LOW,0.1562,0.1322
CHEMBL1095847,0.4507,5.019,0,0.4604,0,0.3348,LOW,0.3326,0.8461
CHEMBL1823045,0.4507,5.019,0,0.4604,0,0.3348,LOW,0.3326,0.8461
CHEMBL4546514,0.0937,4.844,1,0.5535,0,0.7656,HIGH,0.1172,0.0151
CHEMBL3753230,0.3834,4.756,1,0.6951,0,0.2484,HIGH,0.3758,0.409
CHEMBL2409404,0.1584,4.91,1,0.7785,0,0.6037,HIGH,0.1981,0.0256
OQRZOIAWKDPWFN-UHFFFAOYSA-N,0.0616,4.602,0,0.4403,0,0.8514,LOW,0.0743,0.0193
CHEMBL2043328,0.3157,5.117,1,0.7634,0,0.3464,HIGH,0.3268,0.2787
CHEMBL1809078,0.8525,5.386,1,0.7683,0,0.6748,HIGH,0.8374,0.903
ORNMKSMJKYEPLI-UHFFFAOYSA-N,0.2174,4.98,0,0.2982,0,0.5952,LOW,0.2024,0.2676
CHEMBL2042162,0.226,5.459,1,0.5137,0,0.4211,HIGH,0.2894,0.0136
CHEMBL2204245,0.1866,4.488,1,0.7454,0,0.7382,HIGH,0.1309,0.3732
CHEMBL4463621,0.9837,6.532,1,0.6049,0,0.958,HIGH,0.979,0.9994
CHEMBL4444606,0.1659,4.809,1,0.5491,0,0.5911,HIGH,0.2045,0.037
CHEMBL1926762,0.7685,5.554,1,0.5728,0,0.4427,HIGH,0.7213,0.9265
OSYDLANVDZCPRE-UHFFFAOYSA-N,0.8163,5.294,1,0.5447,0,0.5349,HIGH,0.7675,0.9797
CHEMBL221237,0.9575,6.06,1,0.7981,0,0.8895,HIGH,0.9448,1.0
CHEMBL4173715,0.1588,5.233,0,0.2621,0,0.5899,LOW,0.2051,0.004
CHEMBL4102137,0.1724,4.837,1,0.7013,0,0.8419,HIGH,0.0791,0.4849
CHEMBL4794578,0.0961,4.621,0,0.3863,0,0.7637,LOW,0.1182,0.0225
CHEMBL2036757,0.85,5.605,1,0.7559,0,0.6742,HIGH,0.8371,0.8934
CHEMBL3092836,0.1583,4.71,0,0.4569,0,0.6852,LOW,0.1574,0.1612
CHEMBL3358509,0.6902,5.282,0,0.4622,0,0.4029,LOW,0.7014,0.6524
CHEMBL2180835,0.3824,5.252,0,0.4339,1,0.1811,LOW,0.4095,0.2918
CHEMBL3605026,0.5172,5.499,1,0.744,1,0.0539,MEDIUM,0.4731,0.6648
CHEMBL4848388,0.0494,4.943,1,0.634,0,0.8728,HIGH,0.0636,0.0019
CHEMBL3596516,0.1103,4.619,1,0.7431,0,0.7643,HIGH,0.1178,0.085
CHEMBL2338407,0.6468,5.254,1,0.7602,0,0.3999,HIGH,0.7,0.4689
CHEMBL4648576,0.5554,6.04,1,0.6998,1,0.1156,MEDIUM,0.5578,0.5475
CHEMBL3124989,0.3248,5.425,1,0.6383,0,0.2758,HIGH,0.3621,0.1999
CHEMBL1829625,0.5477,4.693,1,0.7137,1,0.0928,MEDIUM,0.5464,0.5519
CHEMBL247689,0.8729,6.048,1,0.7233,0,0.6701,HIGH,0.8351,0.9995
CHEMBL3941301,0.2032,4.743,1,0.7544,0,0.6938,HIGH,0.1531,0.371
CHEMBL4103004,0.4901,4.973,1,0.7275,0,0.2576,HIGH,0.3712,0.8882
CHEMBL447558,0.6569,5.138,1,0.7275,1,0.1849,MEDIUM,0.5924,0.8729
CHEMBL1083448,0.8455,5.815,1,0.6429,0,0.7231,HIGH,0.8615,0.792
CHEMBL1290275,0.7978,5.777,1,0.5558,0,0.5175,HIGH,0.7587,0.9285
CHEMBL2181486,0.277,4.954,1,0.6698,0,0.3295,HIGH,0.3353,0.0818
CHEMBL551886,0.7374,5.521,1,0.6817,0,0.4191,HIGH,0.7095,0.8306
CHEMBL4640206,0.0365,5.367,1,0.6616,0,0.9064,HIGH,0.0468,0.0021
CHEMBL5072532,0.0144,4.561,1,0.807,0,0.9626,HIGH,0.0187,0.0002
CHEMBL1952113,0.6167,5.521,0,0.3975,1,0.1937,LOW,0.5968,0.683
CHEMBL3609819,0.787,5.91,0,0.3402,0,0.4605,LOW,0.7303,0.9767
OZKOQOLBOJMIRC-UHFFFAOYSA-N,0.6905,4.867,1,0.5523,0,0.2308,HIGH,0.6154,0.9419
CHEMBL3422954,0.7126,5.929,1,0.6523,0,0.3235,HIGH,0.6617,0.8827
CHEMBL4593473,0.2247,5.058,1,0.607,0,0.5937,HIGH,0.2031,0.297
CHEMBL1093113,0.8605,5.77,1,0.6366,0,0.7867,HIGH,0.8934,0.7507
PAMRCPLHRDFSTB-CYBMUJFWSA-N,0.8642,5.473,1,0.5466,0,0.7181,HIGH,0.8591,0.8813
CHEMBL1949693,0.8632,5.528,1,0.6635,0,0.7335,HIGH,0.8667,0.8513
CHEMBL5077758,0.1306,5.376,1,0.7113,0,0.6687,HIGH,0.1657,0.0131
CHEMBL5073339,0.1306,5.376,1,0.7113,0,0.6687,HIGH,0.1657,0.0131
CHEMBL4066553,0.1306,5.376,1,0.7113,0,0.6687,HIGH,0.1657,0.0131
CHEMBL549851,0.8718,5.715,1,0.8281,0,0.6722,HIGH,0.8361,0.9911
CHEMBL3422981,0.687,6.229,1,0.5713,1,0.1981,MEDIUM,0.5991,0.9813
PBBXLWLZRSSICR-MRXNPFEDSA-N,0.8263,5.05,1,0.5324,0,0.5555,HIGH,0.7778,0.9887
CHEMBL3582309,0.9629,6.73,1,0.5897,0,0.9041,HIGH,0.952,0.9991
PBTFDTKJUCHOCI-BZQUYTCOSA-N,0.9625,6.959,1,0.7648,0,0.9055,HIGH,0.9528,0.9951
CHEMBL3774851,0.9815,5.662,1,0.8269,0,0.9562,HIGH,0.9781,0.9928
CHEMBL1289820,0.8843,5.651,1,0.663,0,0.7278,HIGH,0.8639,0.9527
CHEMBL4577393,0.3513,4.977,0,0.4538,0,0.4026,LOW,0.2987,0.5271
CHEMBL3393856,0.5771,5.601,0,0.355,0,0.2763,LOW,0.6382,0.3726
CHEMBL4640297,0.7213,5.683,1,0.6475,0,0.2872,HIGH,0.6436,0.9816
CHEMBL4079961,0.1234,5.281,0,0.2929,0,0.6877,LOW,0.1561,0.0136
CHEMBL1221916,0.3544,4.791,0,0.3049,0,0.6693,LOW,0.1653,0.9875
CHEMBL5088449,0.6902,5.704,1,0.5858,0,0.2488,HIGH,0.6244,0.9107
CHEMBL592550,0.8692,5.894,0,0.3127,0,0.6813,LOW,0.8406,0.9649
CHEMBL3084938,0.1374,4.474,0,0.42,0,0.6499,LOW,0.1751,0.0114
CHEMBL3608920,0.1981,5.64,0,0.3638,0,0.4954,LOW,0.2523,0.0165
CHEMBL4166593,0.2669,4.85,0,0.3191,0,0.5875,LOW,0.2063,0.4697
CHEMBL1269885,0.3206,4.911,0,0.45,0,0.3502,LOW,0.3249,0.3064
CHEMBL2113086,0.7,5.61,0,0.4405,0,0.4762,LOW,0.7381,0.5726
CHEMBL381526,0.5051,5.092,1,0.661,1,0.1005,MEDIUM,0.4498,0.6905
CHEMBL2152899,0.7865,5.675,1,0.6255,0,0.4866,HIGH,0.7433,0.9312
CHEMBL4100885,0.2411,4.714,0,0.328,0,0.5581,LOW,0.2209,0.3086
CHEMBL1650130,0.2005,5.035,1,0.6074,0,0.6267,HIGH,0.1867,0.2467
CHEMBL1818834,0.4931,5.804,1,0.66,1,0.0342,MEDIUM,0.5171,0.4127
CHEMBL214335,0.6435,5.232,1,0.5543,0,0.3663,HIGH,0.6831,0.5107
CHEMBL2179702,0.1535,4.728,1,0.4977,0,0.6624,HIGH,0.1688,0.1022
PGLDFPQDEVYLIU-UHFFFAOYSA-N,0.6206,5.25,1,0.5597,0,0.3097,HIGH,0.6549,0.5058
CHEMBL3401350,0.4584,4.786,0,0.4416,0,0.2732,LOW,0.3634,0.7763
CHEMBL587022,0.5085,6.012,0,0.3331,1,0.1895,LOW,0.5948,0.2199
CHEMBL1082458,0.0999,4.576,0,0.3082,0,0.7466,LOW,0.1267,0.0104
CHEMBL552366,0.9503,5.842,1,0.5316,0,0.874,HIGH,0.937,0.995
CHEMBL4444857,0.6806,5.273,1,0.6337,0,0.3293,HIGH,0.6646,0.734
PIHXTFCYEHJVKI-OFNKIYASSA-N,0.7123,5.847,1,0.784,0,0.5166,HIGH,0.7583,0.5585
CHEMBL2164884,0.1687,4.561,0,0.3777,0,0.5804,LOW,0.2098,0.0308
CHEMBL2443278,0.3848,5.238,0,0.3784,0,0.3646,LOW,0.3177,0.6095
CHEMBL4088690,0.1212,4.72,1,0.507,0,0.8073,HIGH,0.0963,0.2044
CHEMBL4068841,0.2806,5.174,0,0.4394,0,0.5073,LOW,0.2463,0.3953
CHEMBL1684703,0.055,5.263,1,0.7299,0,0.8602,HIGH,0.0699,0.0052
CHEMBL3770909,0.6023,5.181,1,0.7625,1,0.1952,MEDIUM,0.5976,0.6179
PKBPQGNBNQFAKJ-UHFFFAOYSA-N,0.1016,4.836,1,0.6632,0,0.7819,HIGH,0.109,0.0768
CHEMBL1221852,0.2191,4.661,0,0.2889,0,0.7337,LOW,0.1332,0.507
CHEMBL2029423,0.3897,4.765,1,0.7034,1,0.0674,MEDIUM,0.4663,0.1334
CHEMBL2070950,0.131,4.938,1,0.7271,0,0.7046,HIGH,0.1477,0.075
CHEMBL4574647,0.7162,6.038,1,0.5291,0,0.4253,HIGH,0.7126,0.7281
CHEMBL1836166,0.6915,5.555,0,0.4661,0,0.211,LOW,0.6055,0.9793
CHEMBL2181207,0.8443,5.769,0,0.4898,0,0.6278,LOW,0.8139,0.9462
CHEMBL4456198,0.074,4.915,1,0.5194,0,0.8528,HIGH,0.0736,0.0755
CHEMBL561793,0.1231,4.773,1,0.5249,0,0.6886,HIGH,0.1557,0.014
CHEMBL4800498,0.653,5.238,1,0.5919,0,0.2085,HIGH,0.6042,0.8164
CHEMBL3682663,0.1618,4.964,0,0.3939,0,0.6826,LOW,0.1587,0.1722
CHEMBL2159347,0.3024,5.47,0,0.2924,0,0.3289,LOW,0.3355,0.1914
CHEMBL2029424,0.3191,4.706,1,0.7068,0,0.3506,HIGH,0.3247,0.3006
CHEMBL4442335,0.2342,5.162,1,0.6471,0,0.4372,HIGH,0.2814,0.076
CHEMBL3417047,0.329,6.367,1,0.5755,0,0.449,HIGH,0.2755,0.5081
PNDWRQVFLAHHDE-UHFFFAOYSA-N,0.2577,5.201,1,0.6275,0,0.4053,HIGH,0.2973,0.1252
CHEMBL1684687,0.0445,5.251,1,0.7682,0,0.8857,HIGH,0.0571,0.0022
CHEMBL2017105,0.6105,5.303,1,0.5699,1,0.0847,MEDIUM,0.5423,0.8388
CHEMBL4461148,0.4589,4.953,1,0.7582,1,0.1308,MEDIUM,0.4346,0.5401
CHEMBL2059310,0.5876,5.109,1,0.7029,1,0.0527,MEDIUM,0.4737,0.969
CHEMBL4846412,0.1186,5.142,0,0.3666,0,0.7419,LOW,0.129,0.0836
CHEMBL472212,0.2504,5.392,0,0.3541,0,0.3546,LOW,0.3227,0.0082
CHEMBL1836251,0.8694,5.672,0,0.4621,0,0.6621,LOW,0.8311,0.9976
CHEMBL3948167,0.9148,6.107,1,0.7754,0,0.7843,HIGH,0.8921,0.9907
CHEMBL572163,0.4531,5.441,0,0.4442,1,0.1595,LOW,0.5797,0.0294
CHEMBL3605135,0.6307,5.863,1,0.7784,1,0.1222,MEDIUM,0.5611,0.8637
CHEMBL4743256,0.95,7.627,1,0.7385,0,0.8729,HIGH,0.9365,0.9952
CHEMBL4870686,0.0311,4.922,1,0.7369,0,0.92,HIGH,0.04,0.0012
CHEMBL1237255,0.3625,6.315,0,0.3809,1,0.1792,LOW,0.4104,0.2021
CHEMBL4778828,0.0931,4.764,1,0.756,0,0.7863,HIGH,0.1069,0.0469
CHEMBL4170320,0.2107,4.934,0,0.2797,0,0.5794,LOW,0.2103,0.212
PQAOCWPDIGYQJX-UHFFFAOYSA-N,0.9433,5.595,1,0.6431,0,0.8531,HIGH,0.9265,0.9996
CHEMBL3898121,0.2846,5.076,1,0.5733,0,0.3875,HIGH,0.3063,0.2119
CHEMBL125,0.4886,6.044,0,0.2086,0,0.3278,LOW,0.3361,0.9993
CHEMBL4646340,0.0979,5.434,1,0.5689,0,0.7544,HIGH,0.1228,0.0147
CHEMBL1269955,0.9171,6.295,1,0.61,0,0.8024,HIGH,0.9012,0.9705
CHEMBL4780257,0.2912,4.928,1,0.6901,0,0.4705,HIGH,0.2648,0.3799
CHEMBL2312646,0.6924,5.685,1,0.6578,0,0.3667,HIGH,0.6833,0.7227
CHEMBL1085805,0.9251,8.04,1,0.6469,0,0.8088,HIGH,0.9044,0.9943
CHEMBL1761518,0.9734,6.799,1,0.7726,0,0.9309,HIGH,0.9655,1.0
CHEMBL4210646,0.7616,6.213,0,0.4677,0,0.3865,LOW,0.6933,0.9902
CHEMBL1684702,0.1243,5.632,1,0.7299,0,0.7914,HIGH,0.1043,0.1913
CHEMBL562788,0.842,5.773,1,0.575,0,0.5983,HIGH,0.7991,0.9855
PRVFCVMDILYQNK-CCLHPLFOSA-N,0.2386,4.813,1,0.5388,0,0.5589,HIGH,0.2206,0.2989
PRVFCVMDILYQNK-SVQMELKDSA-N,0.2386,4.813,1,0.5388,0,0.5589,HIGH,0.2206,0.2989
CHEMBL2312643,0.1923,5.069,1,0.6406,0,0.7653,HIGH,0.1174,0.4431
CHEMBL478436,0.7606,5.403,1,0.7223,0,0.5234,HIGH,0.7617,0.7568
CHEMBL4636169,0.1485,4.879,0,0.2955,0,0.6188,LOW,0.1906,0.0076
CHEMBL492909,0.601,5.537,0,0.4282,1,0.0363,LOW,0.5182,0.8782
PSBJWNCYYQWCMX-CRYYWNKWSA-N,0.9678,6.588,1,0.6227,0,0.9176,HIGH,0.9588,0.9979
CHEMBL2017414,0.776,5.621,1,0.6454,0,0.5085,HIGH,0.7543,0.8488
CHEMBL550068,0.9104,5.781,1,0.6088,0,0.7732,HIGH,0.8866,0.9903
CHEMBL213754,0.9149,5.376,1,0.5021,0,0.8083,HIGH,0.9041,0.9507
CHEMBL2017415,0.7333,5.806,1,0.5862,0,0.502,HIGH,0.751,0.6742
PSJGFAIPMGIRNZ-UHFFFAOYSA-N,0.9694,6.179,1,0.7742,0,0.921,HIGH,0.9605,0.9994
CHEMBL1169793,0.564,4.953,0,0.4566,0,0.2697,LOW,0.6349,0.3267
CHEMBL485547,0.2742,4.727,1,0.6087,0,0.5294,HIGH,0.2353,0.4044
CHEMBL2326479,0.5099,5.304,1,0.6384,1,0.0413,MEDIUM,0.5206,0.4738
CHEMBL520942,0.5976,5.559,1,0.6833,0,0.3089,HIGH,0.6545,0.4073
CHEMBL2424884,0.7717,5.037,1,0.6747,0,0.4646,HIGH,0.7323,0.9036
CHEMBL3422974,0.4485,5.49,1,0.512,0,0.3743,HIGH,0.3128,0.9026
CHEMBL3924161,0.5267,5.274,0,0.3202,0,0.368,LOW,0.684,0.0004
CHEMBL4301600,0.3388,4.856,0,0.265,1,0.1381,LOW,0.4309,0.0305
CHEMBL3647536,0.3323,5.454,0,0.3432,0,0.4077,LOW,0.2962,0.4532
CHEMBL4531693,0.5088,5.676,1,0.7298,1,0.1262,MEDIUM,0.5631,0.3268
CHEMBL4586512,0.2115,5.2,0,0.2865,0,0.5289,LOW,0.2356,0.1309
CHEMBL2204250,0.3569,4.667,1,0.7681,0,0.2885,HIGH,0.3558,0.3606
CHEMBL514042,0.758,5.445,1,0.7225,0,0.4067,HIGH,0.7034,0.941
CHEMBL3786255,0.2056,4.874,1,0.5275,0,0.4666,HIGH,0.2667,0.0009
CHEMBL1224151,0.7982,5.345,1,0.5591,0,0.5071,HIGH,0.7535,0.9476
CHEMBL2325994,0.1984,4.806,1,0.8953,0,0.5945,HIGH,0.2028,0.1836
CHEMBL4525199,0.7113,5.569,1,0.6241,0,0.2861,HIGH,0.643,0.9399
CHEMBL1290207,0.0546,4.883,1,0.4974,0,0.8605,HIGH,0.0698,0.0036
CHEMBL4471923,0.2474,5.183,1,0.6592,0,0.4463,HIGH,0.2769,0.149
CHEMBL4162255,0.1521,4.764,0,0.3398,0,0.6881,LOW,0.156,0.1391
CHEMBL1836162,0.5272,5.487,1,0.5149,1,0.0551,MEDIUM,0.4725,0.7106
PVNUWNOOLRHNGF-VXKWHMMOSA-N,0.1192,4.607,1,0.8474,0,0.7672,HIGH,0.1164,0.1285
CHEMBL1779547,0.7891,5.73,1,0.7015,0,0.5337,HIGH,0.7669,0.8636
CHEMBL4453795,0.1564,5.018,1,0.5203,0,0.749,HIGH,0.1255,0.26
CHEMBL1829619,0.683,5.234,1,0.7548,0,0.2585,HIGH,0.6293,0.8628
CHEMBL244084,0.9936,6.331,1,0.7008,0,0.9849,HIGH,0.9925,0.9975
PXOCKPKNDDCJFJ-UHFFFAOYSA-N,0.7103,5.108,1,0.7146,0,0.2997,HIGH,0.6499,0.9126
CHEMBL245844,0.5535,5.031,1,0.688,1,0.1466,MEDIUM,0.4267,0.9779
CHEMBL4087838,0.3691,4.827,0,0.3589,0,0.4329,LOW,0.2835,0.6553
CHEMBL1822525,0.5212,5.556,0,0.3946,1,0.1332,LOW,0.4334,0.8152
CHEMBL2207502,0.2906,4.715,1,0.7366,0,0.3688,HIGH,0.3156,0.2071
CHEMBL2382364,0.249,4.967,1,0.5829,0,0.4476,HIGH,0.2762,0.1577
CHEMBL1290206,0.0614,4.674,0,0.4422,0,0.8637,LOW,0.0681,0.0389
PYNSDPGVBPSKMC-BDAKNGLRSA-N,0.0338,4.602,0,0.477,0,0.9237,LOW,0.0381,0.0193
CHEMBL1684713,0.1517,5.439,1,0.722,0,0.6669,HIGH,0.1666,0.1021
CHEMBL4475942,0.0782,4.674,1,0.5475,0,0.8171,HIGH,0.0914,0.0338
PZEDHLUAWPUDKP-HZPDHXFCSA-N,0.2461,5.016,1,0.575,0,0.5503,HIGH,0.2249,0.3172
CHEMBL3822947,0.2809,4.761,0,0.4788,0,0.4665,LOW,0.2668,0.3281
CHEMBL3823030,0.2809,4.761,0,0.4788,0,0.4665,LOW,0.2668,0.3281
CHEMBL148565,0.9748,6.405,1,0.5517,0,0.9446,HIGH,0.9723,0.9833
CHEMBL1779016,0.3736,5.055,1,0.7083,0,0.2409,HIGH,0.3795,0.3536
CHEMBL180672,0.8171,5.578,1,0.5116,0,0.793,HIGH,0.8965,0.5514
CHEMBL529773,0.3147,5.159,0,0.262,0,0.3965,LOW,0.3017,0.358
CHEMBL2312550,0.9456,5.891,1,0.6563,0,0.8618,HIGH,0.9309,0.995
CHEMBL3127687,0.2048,4.731,0,0.4695,0,0.6698,LOW,0.1651,0.3378
QAEAQPVUUPLITF-UHFFFAOYSA-N,0.0324,4.722,1,0.6814,0,0.9206,HIGH,0.0397,0.0082
CHEMBL2315931,0.627,4.885,1,0.7656,1,0.0495,MEDIUM,0.5247,0.9694
CHEMBL478013,0.9043,5.562,1,0.7075,0,0.7589,HIGH,0.8794,0.9875
CHEMBL4080380,0.398,5.24,1,0.701,0,0.3038,HIGH,0.3481,0.5652
CHEMBL4870555,0.0333,5.296,1,0.6771,0,0.9138,HIGH,0.0431,0.0003
CHEMBL2069511,0.8954,6.277,1,0.7199,0,0.888,HIGH,0.944,0.7326
CHEMBL4087439,0.4701,4.906,1,0.6331,1,0.1363,MEDIUM,0.4319,0.598
CHEMBL4453964,0.5402,5.154,1,0.5931,1,0.1686,MEDIUM,0.4157,0.9568
CHEMBL1761524,0.98,6.342,1,0.769,0,0.948,HIGH,0.974,0.9999
CHEMBL2017563,0.6933,5.469,1,0.669,0,0.2114,HIGH,0.6057,0.9865
CHEMBL3216758,0.9276,5.505,1,0.642,0,0.84,HIGH,0.92,0.9533
CHEMBL2021977,0.0453,4.908,1,0.8198,0,0.8824,HIGH,0.0588,0.0001
CHEMBL4536989,0.3605,4.981,0,0.4122,0,0.4151,LOW,0.2925,0.5881
CHEMBL561397,0.2923,4.849,0,0.4467,0,0.4152,LOW,0.2924,0.2919
QEASTAKOLFTOHE-UHFFFAOYSA-N,0.0951,4.933,0,0.3901,0,0.753,LOW,0.1235,0.0
CHEMBL4229061,0.1989,5.351,1,0.7505,0,0.5647,HIGH,0.2176,0.1361
CHEMBL564919,0.9507,5.711,1,0.7131,0,0.8744,HIGH,0.9372,0.9958
CHEMBL17350,0.3311,5.38,1,0.4981,0,0.2027,HIGH,0.3986,0.105
CHEMBL4437013,0.6964,5.788,0,0.3663,0,0.4661,LOW,0.7331,0.5735
QEZRHTYDAFPTCM-UHFFFAOYSA-N,0.1279,4.886,1,0.7678,0,0.7327,HIGH,0.1336,0.1086
CHEMBL1271070,0.7713,5.65,1,0.544,0,0.4066,HIGH,0.7033,0.999
QFMKXHLMZGDSKW-PUAOIOHZSA-N,0.9775,7.275,1,0.7806,0,0.9421,HIGH,0.971,0.9989
CHEMBL4647043,0.0982,5.898,1,0.6048,0,0.7489,HIGH,0.1255,0.0066
CHEMBL327946,0.9351,6.184,1,0.7413,0,0.8435,HIGH,0.9217,0.9797
CHEMBL3289799,0.3116,5.314,1,0.5359,0,0.2577,HIGH,0.3711,0.1122
QGIBZILKWPJHFQ-HZPDHXFCSA-N,0.2579,5.076,1,0.5546,0,0.5338,HIGH,0.2331,0.3411
CHEMBL3417525,0.2661,4.987,0,0.4727,0,0.5344,LOW,0.2328,0.3774
CHEMBL4459117,0.925,5.974,1,0.6255,0,0.8148,HIGH,0.9074,0.984
CHEMBL3590462,0.8467,6.129,1,0.4973,0,0.7187,HIGH,0.8594,0.8043
CHEMBL4471352,0.1202,5.022,0,0.3042,0,0.7236,LOW,0.1382,0.06
CHEMBL1171472,0.2927,4.917,1,0.7276,0,0.4965,HIGH,0.2518,0.4299
CHEMBL4068517,0.8053,5.786,1,0.6543,0,0.5113,HIGH,0.7557,0.9717
CHEMBL563884,0.4249,5.081,1,0.6553,1,0.1036,MEDIUM,0.4482,0.3468
CHEMBL1668249,0.3611,5.731,1,0.6875,1,0.1601,MEDIUM,0.42,0.1639
CHEMBL3986017,0.6119,5.955,0,0.4719,0,0.2276,LOW,0.6138,0.6058
CHEMBL2058838,0.4963,5.392,0,0.3215,1,0.1931,LOW,0.5966,0.1607
QJEVUBLASGKUQZ-UHFFFAOYSA-N,0.8499,5.882,1,0.5947,0,0.6417,HIGH,0.8209,0.9473
CHEMBL490027,0.7913,5.55,1,0.5941,0,0.565,HIGH,0.7825,0.8208
CHEMBL2181496,0.1464,4.997,1,0.6758,0,0.7234,HIGH,0.1383,0.1735
CHEMBL4105076,0.156,4.605,1,0.6772,0,0.6743,HIGH,0.1628,0.1329
QJXVIDYJOOMNAB-BLVKFPJESA-N,0.1629,4.718,1,0.5666,0,0.6838,HIGH,0.1581,0.1788
QJXVIDYJOOMNAB-CWTRNNRKSA-N,0.1629,4.718,1,0.5666,0,0.6838,HIGH,0.1581,0.1788
CHEMBL2012836,0.7028,5.547,1,0.5751,0,0.2553,HIGH,0.6277,0.9545
CHEMBL4533341,0.0454,4.81,1,0.6197,0,0.887,HIGH,0.0565,0.0081
CHEMBL227169,0.9707,6.761,1,0.8756,0,0.9239,HIGH,0.962,1.0
CHEMBL4872545,0.1289,4.903,1,0.8247,0,0.7861,HIGH,0.1069,0.2026
CHEMBL379010,0.6705,5.525,1,0.6238,1,0.1699,MEDIUM,0.5849,0.9568
CHEMBL3218489,0.0946,4.949,1,0.7676,0,0.7605,HIGH,0.1197,0.0104
CHEMBL3740291,0.5141,5.392,0,0.4322,1,0.0701,LOW,0.4649,0.6787
CHEMBL1916545,0.1093,4.784,1,0.7435,0,0.8539,HIGH,0.0731,0.2305
CHEMBL516939,0.6487,5.395,1,0.6282,0,0.4127,HIGH,0.7064,0.4554
CHEMBL2321993,0.1562,4.872,0,0.4379,0,0.6946,LOW,0.1527,0.1678
QLUVNBXAVDKOTB-UHFFFAOYSA-N,0.1106,4.685,0,0.4874,0,0.8141,LOW,0.0929,0.17
CHEMBL220360,0.6504,5.68,0,0.2915,0,0.2169,LOW,0.6084,0.7907
CHEMBL4516248,0.208,4.732,1,0.568,0,0.6745,HIGH,0.1627,0.3597
CHEMBL565437,0.5616,5.897,1,0.8837,0,0.2775,HIGH,0.6388,0.3033
CHEMBL7463,0.7502,5.771,0,0.4329,0,0.4482,LOW,0.7241,0.8377
CHEMBL2203765,0.8582,5.548,1,0.7437,0,0.6317,HIGH,0.8159,1.0
CHEMBL2159339,0.2114,5.023,0,0.3005,0,0.5445,LOW,0.2278,0.1568
CHEMBL404229,0.2948,5.205,1,0.6873,0,0.4501,HIGH,0.275,0.3614
CHEMBL269352,0.4807,5.179,1,0.6687,1,0.0676,MEDIUM,0.5338,0.3028
CHEMBL4867565,0.5971,5.369,0,0.3097,0,0.2136,LOW,0.6068,0.5644
CHEMBL474410,0.078,5.059,1,0.6241,0,0.8135,HIGH,0.0932,0.0272
CHEMBL1909988,0.6692,5.083,1,0.697,0,0.3176,HIGH,0.6588,0.7042
CHEMBL3601296,0.6565,5.133,1,0.6278,1,0.1657,MEDIUM,0.5828,0.9029
QOVVFLBIZLUCSD-UHFFFAOYSA-N,0.0743,4.693,1,0.5304,0,0.8579,HIGH,0.0711,0.0853
CHEMBL3263255,0.0399,4.414,1,0.798,0,0.8971,HIGH,0.0514,0.0011
CHEMBL4853196,0.8593,5.649,1,0.5486,0,0.6562,HIGH,0.8281,0.9637
QOXCLDKXSCBOOF-ZDUSSCGKSA-N,0.8593,5.649,1,0.5486,0,0.6562,HIGH,0.8281,0.9637
CHEMBL4073749,0.2358,5.077,0,0.3605,0,0.4056,LOW,0.2972,0.0303
CHEMBL5080306,0.2864,5.019,1,0.7926,0,0.4954,HIGH,0.2523,0.4004
CHEMBL1834635,0.6585,5.271,1,0.7408,1,0.1525,MEDIUM,0.5763,0.9338
CHEMBL595318,0.815,5.767,1,0.5433,0,0.5252,HIGH,0.7626,0.9904
CHEMBL3127708,0.1494,4.775,1,0.7658,0,0.641,HIGH,0.1795,0.0488
CHEMBL3752587,0.69,5.443,1,0.7232,0,0.3016,HIGH,0.6508,0.8211
CHEMBL3786311,0.3179,4.904,1,0.6643,0,0.4064,HIGH,0.2968,0.3887
CHEMBL4744842,0.8278,5.827,1,0.511,0,0.6473,HIGH,0.8237,0.8416
CHEMBL4163193,0.2447,5.338,1,0.5106,0,0.4565,HIGH,0.2718,0.1542
CHEMBL535514,0.3118,4.806,0,0.347,0,0.6383,LOW,0.1809,0.7501
QQORDPLGMROVSU-OLZOCXBDSA-N,0.2248,4.826,1,0.6253,0,0.5785,HIGH,0.2107,0.2718
CHEMBL4454128,0.4224,5.085,1,0.7239,0,0.2106,HIGH,0.3947,0.515
CHEMBL1304319,0.65,5.706,0,0.3667,1,0.0941,LOW,0.547,0.9946
CHEMBL4213428,0.9062,5.852,1,0.7504,0,0.7724,HIGH,0.8862,0.9731
CHEMBL1289834,0.8455,5.277,1,0.7364,0,0.6441,HIGH,0.8221,0.924
CHEMBL4787608,0.4185,5.251,1,0.6884,1,0.0819,MEDIUM,0.459,0.283
CHEMBL3422757,0.7246,6.036,1,0.6719,0,0.5354,HIGH,0.7677,0.5801
CHEMBL1095789,0.7441,6.063,1,0.7053,0,0.4399,HIGH,0.7199,0.8249
CHEMBL382587,0.4713,5.086,1,0.6281,1,0.149,MEDIUM,0.5745,0.1256
CHEMBL3774463,0.9857,6.344,1,0.7659,0,0.9651,HIGH,0.9825,0.9961
CHEMBL5314518,0.586,5.666,0,0.2525,1,0.0116,LOW,0.4942,0.8935
CHEMBL592778,0.0854,4.515,0,0.4576,0,0.8162,LOW,0.0919,0.0636
CHEMBL4867008,0.7866,5.389,1,0.6139,0,0.4774,HIGH,0.7387,0.9468
CHEMBL4211426,0.5473,5.073,1,0.692,0,0.2523,HIGH,0.6261,0.2836
CHEMBL599702,0.4122,5.308,0,0.3249,1,0.193,LOW,0.4035,0.4413
CHEMBL174304,0.8265,5.824,1,0.6519,0,0.7063,HIGH,0.8531,0.7371
CHEMBL3263284,0.1131,4.485,1,0.5215,0,0.7573,HIGH,0.1214,0.0853
CHEMBL395213,0.1789,4.9,0,0.4091,0,0.5669,LOW,0.2166,0.0529
CHEMBL3906229,0.3782,4.877,0,0.4862,0,0.3132,LOW,0.3434,0.4946
CHEMBL2017108,0.4349,4.883,1,0.5485,0,0.2143,HIGH,0.3928,0.5757
CHEMBL1836164,0.5391,5.339,1,0.5174,1,0.1386,MEDIUM,0.4307,0.9018
CHEMBL4448670,0.959,5.509,1,0.6778,0,0.8984,HIGH,0.9492,0.9917
QVUDEDBAGYAVHI-WNKCNSGYSA-N,0.9724,7.628,1,0.7254,0,0.9321,HIGH,0.966,0.9937
CHEMBL4455656,0.5449,5.981,1,0.7038,1,0.1418,MEDIUM,0.5709,0.458
QWMOTZOOGPUEIS-PMACEKPBSA-N,0.1943,4.64,1,0.81,0,0.8179,HIGH,0.0911,0.54
QWQROZAMNURWBT-UHFFFAOYSA-N,0.9377,5.68,1,0.6129,0,0.8404,HIGH,0.9202,0.9965
CHEMBL3585954,0.3149,5.034,0,0.2857,0,0.2496,LOW,0.3752,0.1132
QXCZSLXPACAQFH-UHFFFAOYSA-N,0.1933,5.362,1,0.678,0,0.6218,HIGH,0.1891,0.2071
CHEMBL367246,0.8332,5.547,1,0.6471,0,0.6459,HIGH,0.8229,0.8676
CHEMBL4170169,0.2339,5.008,0,0.3251,0,0.5134,LOW,0.2433,0.2025
CHEMBL4544320,0.1421,4.756,1,0.5427,0,0.6714,HIGH,0.1643,0.0679
CHEMBL220757,0.6737,5.873,1,0.6516,1,0.1525,MEDIUM,0.5762,1.0
CHEMBL2326482,0.1975,4.928,1,0.5829,0,0.5402,HIGH,0.2299,0.0889
CHEMBL4850055,0.0279,5.096,1,0.7938,0,0.9279,HIGH,0.036,0.0007
CHEMBL4864604,0.0279,5.096,1,0.7938,0,0.9279,HIGH,0.036,0.0007
CHEMBL4875667,0.0279,5.096,1,0.7938,0,0.9279,HIGH,0.036,0.0007
CHEMBL1878518,0.2067,4.873,0,0.463,0,0.4639,LOW,0.268,0.0013
CHEMBL3585953,0.2748,4.935,0,0.283,0,0.2972,LOW,0.3514,0.0184
CHEMBL4086237,0.1063,4.606,1,0.734,0,0.7546,HIGH,0.1227,0.0516
CHEMBL2207438,0.1341,5.467,1,0.6814,0,0.6627,HIGH,0.1686,0.0185
CHEMBL1449916,0.6081,5.328,0,0.3334,1,0.0065,LOW,0.4967,0.981
CHEMBL3605013,0.2855,4.734,1,0.6466,0,0.5629,HIGH,0.2186,0.5097
CHEMBL601806,0.3732,5.311,0,0.2904,1,0.0308,LOW,0.4846,0.0002
CHEMBL2069509,0.9889,6.53,1,0.8019,0,0.9722,HIGH,0.9861,0.9982
CHEMBL1086273,0.6394,5.165,0,0.4468,1,0.151,LOW,0.5755,0.8531
CHEMBL387309,0.8266,5.981,1,0.6536,0,0.5781,HIGH,0.7891,0.9523
CHEMBL4639209,0.2415,5.888,1,0.5096,0,0.4911,HIGH,0.2544,0.1983
CHEMBL1809074,0.4917,5.088,1,0.7107,1,0.0679,MEDIUM,0.534,0.3502
CHEMBL1809075,0.4917,5.088,1,0.7107,1,0.0679,MEDIUM,0.534,0.3502
CHEMBL4761949,0.686,6.06,0,0.2753,0,0.3434,LOW,0.6717,0.7338
CHEMBL524082,0.6854,5.485,1,0.7977,0,0.3602,HIGH,0.6801,0.7033
CHEMBL523080,0.6854,5.485,1,0.7977,0,0.3602,HIGH,0.6801,0.7033
CHEMBL2331986,0.3238,5.015,1,0.5415,0,0.295,HIGH,0.3525,0.2277
CHEMBL4175502,0.1973,4.721,0,0.2956,0,0.7338,LOW,0.1331,0.4123
RCAWYRTWTRRNST-OAHLLOKOSA-N,0.7622,5.162,0,0.4735,0,0.3898,LOW,0.6949,0.9874
CHEMBL172806,0.7623,5.596,1,0.6056,0,0.6298,HIGH,0.8149,0.5861
CHEMBL218074,0.7098,6.113,1,0.5381,0,0.2462,HIGH,0.6231,1.0
CHEMBL3913939,0.4583,5.054,1,0.5349,0,0.3562,HIGH,0.3219,0.9149
CHEMBL1269994,0.7584,5.8,1,0.5657,0,0.5733,HIGH,0.7867,0.6638
CHEMBL1836147,0.8185,5.577,1,0.6111,0,0.5378,HIGH,0.7689,0.9845
CHEMBL3422958,0.3941,5.51,1,0.6053,0,0.36,HIGH,0.32,0.642
RDIWNJDCZLGDOS-VOIUYBSRSA-N,0.9528,7.243,1,0.7815,0,0.8792,HIGH,0.9396,0.9971
CHEMBL4069225,0.3134,5.426,0,0.344,0,0.3112,LOW,0.3444,0.2095
CHEMBL1290166,0.7403,5.477,1,0.6334,0,0.4151,HIGH,0.7075,0.8498
CHEMBL3407778,0.0403,4.815,1,0.5988,0,0.8957,HIGH,0.0521,0.0006
CHEMBL559780,0.6928,5.208,1,0.5791,0,0.4912,HIGH,0.7456,0.5158
CHEMBL4079636,0.2809,5.462,0,0.4877,0,0.3591,LOW,0.3205,0.1483
CHEMBL5085027,0.1698,5.041,0,0.473,0,0.6185,LOW,0.1907,0.0998
CHEMBL1289960,0.5334,5.685,1,0.5873,1,0.1628,MEDIUM,0.4186,0.9176
CHEMBL3330650,0.8379,5.754,1,0.5708,0,0.6346,HIGH,0.8173,0.9069
CHEMBL3353405,0.8727,5.186,1,0.7161,0,0.6771,HIGH,0.8386,0.9871
CHEMBL2403327,0.6555,5.476,0,0.3347,1,0.1105,LOW,0.5552,0.9913
CHEMBL3605024,0.647,5.892,1,0.7603,0,0.2559,HIGH,0.628,0.7105
CHEMBL2347989,0.2025,5.237,1,0.5188,0,0.4935,HIGH,0.2532,0.0325
CHEMBL2325208,0.8178,6.614,1,0.4973,0,0.6063,HIGH,0.8032,0.8666
CHEMBL1484231,0.3546,5.555,0,0.2599,1,0.1663,LOW,0.4168,0.1464
CHEMBL4067663,0.7689,5.411,1,0.7774,0,0.4052,HIGH,0.7026,0.9909
CHEMBL3127686,0.1124,4.732,1,0.6475,0,0.7585,HIGH,0.1207,0.0846
CHEMBL4638609,0.2159,5.659,1,0.5101,0,0.5227,HIGH,0.2387,0.1395
CHEMBL245119,0.9725,5.63,1,0.6811,0,0.9482,HIGH,0.9741,0.967
CHEMBL4851978,0.7418,5.397,0,0.4807,0,0.5033,LOW,0.7517,0.7086
CHEMBL1289294,0.1565,5.13,1,0.6409,0,0.6239,HIGH,0.188,0.0509
RHPAYIFAXKMITD-UHFFFAOYSA-N,0.9875,6.793,1,0.8017,0,0.9677,HIGH,0.9839,0.9998
CHEMBL3947980,0.9774,5.909,1,0.6554,0,0.9422,HIGH,0.9711,0.9986
CHEMBL1684696,0.0938,5.646,1,0.668,0,0.7563,HIGH,0.1218,0.0
CHEMBL2312539,0.8101,5.455,1,0.6331,0,0.5154,HIGH,0.7577,0.9853
CHEMBL549825,0.8824,5.54,0,0.4028,0,0.7918,LOW,0.8959,0.8373
CHEMBL1808622,0.1305,4.674,1,0.6165,0,0.6737,HIGH,0.1631,0.0214
RIPPUAWCZTUYLU-UHFFFAOYSA-N,0.9739,6.228,1,0.7916,0,0.9321,HIGH,0.9661,1.0
CHEMBL3925679,0.311,4.914,1,0.7435,0,0.5416,HIGH,0.2292,0.5849
CHEMBL2409181,0.0862,4.869,1,0.8062,0,0.7954,HIGH,0.1023,0.0321
CHEMBL4241707,0.2369,4.82,0,0.3039,0,0.5628,LOW,0.2186,0.2983
CHEMBL3764774,0.2657,5.018,1,0.6609,0,0.5389,HIGH,0.2305,0.3832
CHEMBL1800285,0.3357,5.066,1,0.5762,1,0.1569,MEDIUM,0.4216,0.0482
RJVPOCVCIFLEDC-NFXMZALSSA-N,0.9407,7.295,1,0.6996,0,0.9312,HIGH,0.9656,0.8572
RJVPOCVCIFLEDC-VYGPGJSPSA-N,0.9407,7.295,1,0.6996,0,0.9312,HIGH,0.9656,0.8572
CHEMBL172090,0.7738,5.565,1,0.6318,0,0.5989,HIGH,0.7994,0.6878
CHEMBL366871,0.7738,5.565,1,0.6318,0,0.5989,HIGH,0.7994,0.6878
CHEMBL5089410,0.6076,5.604,0,0.2285,0,0.5511,LOW,0.7755,0.0454
CHEMBL3608913,0.2181,5.244,0,0.3721,0,0.4785,LOW,0.2607,0.0753
CHEMBL4476828,0.6225,5.387,1,0.6711,0,0.4596,HIGH,0.7298,0.2632
CHEMBL1095846,0.277,4.832,0,0.451,0,0.6945,LOW,0.1528,0.6928
CHEMBL1823044,0.277,4.832,0,0.451,0,0.6945,LOW,0.1528,0.6928
CHEMBL4869175,0.0392,4.937,1,0.7012,0,0.8989,HIGH,0.0505,0.0011
CHEMBL3775214,0.9966,5.989,1,0.6664,0,0.9925,HIGH,0.9962,0.998
CHEMBL3919158,0.8913,5.404,1,0.7063,0,0.8553,HIGH,0.9277,0.7696
CHEMBL3754692,0.3708,4.998,1,0.6876,1,0.1397,MEDIUM,0.4301,0.1722
CHEMBL3950180,0.1422,4.867,1,0.669,0,0.721,HIGH,0.1395,0.1513
CHEMBL4074870,0.2489,4.888,1,0.6967,0,0.6608,HIGH,0.1696,0.5142
CHEMBL400129,0.4038,5.087,1,0.7271,0,0.3477,HIGH,0.3262,0.6638
CHEMBL4792322,0.5399,4.905,1,0.753,1,0.0146,MEDIUM,0.5073,0.6492
CHEMBL3120274,0.9111,5.79,1,0.6351,0,0.7713,HIGH,0.8857,0.9964
CHEMBL1255595,0.9411,8.184,1,0.6942,0,0.9251,HIGH,0.9626,0.8691
CHEMBL395332,0.4293,5.281,1,0.5919,1,0.0198,MEDIUM,0.4901,0.2257
CHEMBL2207280,0.802,5.612,1,0.7022,0,0.5514,HIGH,0.7757,0.89
RNBFGQKOKMISQP-UHFFFAOYSA-N,0.9704,5.693,1,0.6975,0,0.9271,HIGH,0.9635,0.9935
CHEMBL4741828,0.2524,4.894,1,0.5861,0,0.6283,HIGH,0.1859,0.4753
CHEMBL1809049,0.4844,5.171,1,0.7594,1,0.0175,MEDIUM,0.4912,0.4615
CHEMBL238872,0.4006,4.933,1,0.748,1,0.047,MEDIUM,0.4765,0.1463
CHEMBL2207439,0.0991,5.337,1,0.6859,0,0.7465,HIGH,0.1268,0.0064
CHEMBL3263280,0.0647,4.989,1,0.62,0,0.8335,HIGH,0.0833,0.0026
RNQQUJQALILVDJ-UHFFFAOYSA-N,0.5394,5.156,1,0.5575,0,0.2137,HIGH,0.6069,0.3135
CHEMBL4591770,0.1842,5.106,1,0.6204,0,0.5779,HIGH,0.2111,0.0944
CHEMBL4854370,0.397,5.471,1,0.5666,0,0.3115,HIGH,0.3442,0.5738
CHEMBL2057225,0.3286,5.054,0,0.3532,0,0.2321,LOW,0.384,0.1432
CHEMBL3330060,0.0757,4.397,0,0.4118,0,0.8068,LOW,0.0966,0.0058
CHEMBL1836248,0.7922,5.601,1,0.4962,0,0.4668,HIGH,0.7334,0.989
CHEMBL3421646,0.6249,5.658,1,0.6802,1,0.0522,MEDIUM,0.5261,0.9557
CHEMBL3326793,0.3245,5.167,1,0.5006,0,0.2091,HIGH,0.3955,0.0869
RPXJYAOAWLJFFO-JMLCCBQJSA-N,0.5862,5.21,1,0.6734,1,0.0501,MEDIUM,0.475,0.9588
CHEMBL3586433,0.1235,4.761,0,0.4058,0,0.7737,LOW,0.1132,0.1582
CHEMBL4129030,0.268,5.059,1,0.5105,0,0.3044,HIGH,0.3478,0.0008
CHEMBL5091768,0.5979,5.39,1,0.6389,0,0.3076,HIGH,0.6538,0.4107
CHEMBL4849848,0.7157,5.583,0,0.4691,0,0.5013,LOW,0.7507,0.5986
CHEMBL501701,0.1619,4.567,0,0.4923,0,0.6996,LOW,0.1502,0.2012
CHEMBL4853282,0.7082,5.249,0,0.4453,0,0.4186,LOW,0.7093,0.7044
CHEMBL559118,0.9199,5.45,1,0.7172,0,0.8087,HIGH,0.9044,0.972
CHEMBL404852,0.7414,5.462,1,0.6373,0,0.5177,HIGH,0.7589,0.6828
CHEMBL2326476,0.2099,5.372,1,0.7205,0,0.4923,HIGH,0.2538,0.0627
CHEMBL3935303,0.7169,5.269,1,0.5713,0,0.6224,HIGH,0.8112,0.4012
CHEMBL592332,0.8256,5.803,0,0.3341,0,0.5561,LOW,0.778,0.9848
RRZCKLUZBMUMPU-GCJKJVERSA-N,0.0619,5.094,1,0.7461,0,0.8661,HIGH,0.0669,0.0452
CHEMBL566257,0.9228,6.027,1,0.7392,0,0.8032,HIGH,0.9016,0.9939
CHEMBL1520671,0.8437,5.199,1,0.4979,0,0.5941,HIGH,0.7971,0.9997
CHEMBL3929432,0.1124,4.853,1,0.639,0,0.7685,HIGH,0.1157,0.1014
CHEMBL4467749,0.991,6.895,1,0.7549,0,0.9774,HIGH,0.9887,0.9988
CHEMBL4450665,0.991,6.895,1,0.7549,0,0.9774,HIGH,0.9887,0.9988
CHEMBL4541206,0.991,6.895,1,0.7549,0,0.9774,HIGH,0.9887,0.9988
CHEMBL1417328,0.2238,4.951,0,0.2556,0,0.4358,LOW,0.2821,0.0287
CHEMBL41,0.8508,5.422,0,0.3445,0,0.6129,LOW,0.8064,0.9993
CHEMBL233781,0.1672,4.764,0,0.1937,0,0.7106,LOW,0.1447,0.2426
RTURIZKUGANKMN-UHFFFAOYSA-N,0.9311,5.533,1,0.5954,0,0.8272,HIGH,0.9136,0.9896
CHEMBL252203,0.1249,4.788,0,0.3859,0,0.7906,LOW,0.1047,0.1926
CHEMBL482056,0.8676,5.772,1,0.7227,0,0.6564,HIGH,0.8282,0.9995
CHEMBL467510,0.1933,5.285,0,0.3066,0,0.5214,LOW,0.2393,0.0392
RVNWULIOIKDRNY-UHFFFAOYSA-N,0.9843,6.287,1,0.6919,0,0.9593,HIGH,0.9796,0.9998
CHEMBL589922,0.5124,5.167,0,0.3634,1,0.1313,LOW,0.5657,0.3341
CHEMBL3966141,0.7102,5.904,0,0.3572,0,0.2507,LOW,0.6253,0.9941
CHEMBL3927250,0.2699,5.703,0,0.4222,0,0.3401,LOW,0.3299,0.069
CHEMBL1836250,0.769,5.549,0,0.4785,0,0.4061,LOW,0.703,0.99
CHEMBL914,0.3962,5.582,0,0.4898,1,0.0236,LOW,0.5118,0.0093
CHEMBL202788,0.2041,4.99,1,0.5152,0,0.4947,HIGH,0.2527,0.0418
CHEMBL472304,0.4612,5.647,1,0.557,1,0.02,MEDIUM,0.51,0.2978
CHEMBL1447734,0.7305,5.483,0,0.4748,0,0.3005,LOW,0.6502,0.9994
CHEMBL471994,0.6722,5.926,1,0.6508,0,0.2289,HIGH,0.6145,0.8653
CHEMBL472168,0.6722,5.926,1,0.6508,0,0.2289,HIGH,0.6145,0.8653
CHEMBL4777282,0.4781,5.448,0,0.3318,1,0.1006,LOW,0.4497,0.5733
CHEMBL4860900,0.4082,5.074,1,0.5615,0,0.2894,HIGH,0.3553,0.5855
CHEMBL3084761,0.6436,5.524,1,0.6063,1,0.1856,MEDIUM,0.5928,0.8136
CHEMBL3617334,0.8362,5.726,1,0.5148,0,0.6509,HIGH,0.8255,0.872
CHEMBL3604694,0.7712,6.116,1,0.5788,0,0.5103,HIGH,0.7552,0.8251
CHEMBL584549,0.1752,4.792,1,0.7094,0,0.7046,HIGH,0.1477,0.2671
CHEMBL4293735,0.7812,5.439,0,0.3861,0,0.5295,LOW,0.7648,0.8364
CHEMBL556478,0.9551,5.697,1,0.6253,0,0.9146,HIGH,0.9573,0.9476
CHEMBL4632835,0.255,5.19,0,0.4652,0,0.5162,LOW,0.2419,0.2989
CHEMBL4087679,0.4205,5.209,1,0.6517,1,0.0152,MEDIUM,0.4924,0.1798
CHEMBL2424880,0.4416,4.746,1,0.6776,0,0.2433,HIGH,0.3783,0.6536
CHEMBL3956542,0.45,5.4,1,0.517,0,0.422,HIGH,0.289,0.9888
RYIWMFCNGOZYFZ-UHFFFAOYSA-N,0.9686,6.227,1,0.6437,0,0.9185,HIGH,0.9592,0.9998
CHEMBL1097701,0.7622,5.673,0,0.4221,0,0.6363,LOW,0.8181,0.575
CHEMBL1809070,0.4418,5.12,1,0.7223,1,0.0281,MEDIUM,0.5141,0.2
CHEMBL1809071,0.4418,5.12,1,0.7223,1,0.0281,MEDIUM,0.5141,0.2
CHEMBL113,0.0687,4.838,0,0.2364,0,0.8215,LOW,0.0892,0.0001
CHEMBL4239085,0.2869,5.029,1,0.8152,0,0.4324,HIGH,0.2838,0.2973
CHEMBL4249172,0.2869,5.029,1,0.8152,0,0.4324,HIGH,0.2838,0.2973
CHEMBL3218118,0.3656,5.079,0,0.3729,1,0.1097,LOW,0.4452,0.0991
CHEMBL4540218,0.8749,5.677,1,0.6168,0,0.7882,HIGH,0.8941,0.8108
CHEMBL4868951,0.2754,5.181,0,0.2461,0,0.3468,LOW,0.3266,0.104
CHEMBL583780,0.1769,5.117,1,0.5544,0,0.6018,HIGH,0.1991,0.1024
CHEMBL489095,0.6387,5.243,0,0.378,0,0.3874,LOW,0.6937,0.4547
CHEMBL4453218,0.4503,5.243,1,0.6622,1,0.1976,MEDIUM,0.4012,0.6148
CHEMBL240923,0.4373,5.258,1,0.5612,1,0.1844,MEDIUM,0.4078,0.5361
CHEMBL395034,0.4373,5.258,1,0.5612,1,0.1844,MEDIUM,0.4078,0.5361
CHEMBL2017107,0.5447,4.974,1,0.5681,1,0.0808,MEDIUM,0.4596,0.8295
CHEMBL2380648,0.452,4.989,0,0.2867,0,0.2911,LOW,0.3545,0.7784
CHEMBL246051,0.4775,4.909,1,0.6823,1,0.0222,MEDIUM,0.5111,0.3649
CHEMBL4762256,0.7165,5.384,1,0.7237,0,0.4414,HIGH,0.7207,0.7026
CHEMBL3359238,0.9508,6.046,0,0.4637,0,0.8759,LOW,0.938,0.9936
CHEMBL529603,0.4547,5.525,0,0.4253,1,0.156,LOW,0.578,0.0418
CHEMBL3596517,0.1435,4.709,1,0.733,0,0.7024,HIGH,0.1488,0.1257
CHEMBL4290212,0.1348,4.716,0,0.3033,0,0.7565,LOW,0.1218,0.1786
CHEMBL1084971,0.3982,5.008,1,0.5138,1,0.1883,MEDIUM,0.4058,0.3725
CHEMBL3906074,0.1445,4.722,0,0.3488,0,0.7018,LOW,0.1491,0.1292
CHEMBL1784385,0.8603,5.748,1,0.7476,0,0.6879,HIGH,0.8439,0.915
CHEMBL246634,0.4422,5.184,1,0.5309,0,0.2271,HIGH,0.3864,0.629
CHEMBL521566,0.9659,7.069,1,0.6629,0,0.9144,HIGH,0.9572,0.995
SCENKFBJGKNNHX-UHFFFAOYSA-N,0.0579,4.582,0,0.4346,0,0.8683,LOW,0.0658,0.0314
CHEMBL2325697,0.2237,5.125,1,0.6683,0,0.4675,HIGH,0.2662,0.0815
CHEMBL3306918,0.4105,5.083,0,0.3571,0,0.2077,LOW,0.3961,0.4586
CHEMBL4582849,0.7267,5.481,1,0.5108,0,0.5097,HIGH,0.7549,0.6325
CHEMBL212689,0.7801,5.487,1,0.6795,0,0.4342,HIGH,0.7171,0.9911
CHEMBL4095544,0.2088,4.938,0,0.3192,0,0.5543,LOW,0.2228,0.1619
CHEMBL567916,0.5294,5.157,0,0.2532,0,0.318,LOW,0.659,0.0955
CHEMBL4176810,0.2035,4.802,0,0.3291,0,0.7006,LOW,0.1497,0.3835
CHEMBL3898579,0.1462,4.706,1,0.7863,0,0.7486,HIGH,0.1257,0.2147
CHEMBL3746885,0.5094,5.031,1,0.6611,1,0.1565,MEDIUM,0.4217,0.8027
CHEMBL3747546,0.5094,5.031,1,0.6611,1,0.1565,MEDIUM,0.4217,0.8027
CHEMBL3605006,0.4934,5.447,1,0.7521,1,0.1344,MEDIUM,0.4328,0.6964
CHEMBL1762481,0.5038,5.141,0,0.2535,1,0.1614,LOW,0.4193,0.7867
SDVPZFAXJNURBD-UHFFFAOYSA-N,0.0627,4.786,1,0.6452,0,0.8581,HIGH,0.0709,0.0351
CHEMBL251142,0.903,5.257,1,0.7609,0,0.7574,HIGH,0.8787,0.9843
CHEMBL1910317,0.9475,6.281,1,0.751,0,0.8641,HIGH,0.9321,0.999
SDXIHKSUCKYXFP-BFLUCZKCSA-N,0.1872,4.682,1,0.6736,0,0.5199,HIGH,0.24,0.0101
SDXIHKSUCKYXFP-DGWZTRNLSA-N,0.1872,4.682,1,0.6736,0,0.5199,HIGH,0.24,0.0101
CHEMBL2017102,0.573,5.237,1,0.5957,1,0.0564,MEDIUM,0.5282,0.7229
CHEMBL4862195,0.5743,4.983,0,0.4048,1,0.0237,LOW,0.5118,0.7836
CHEMBL1289999,0.2371,5.236,1,0.5151,0,0.389,HIGH,0.3055,0.008
CHEMBL366868,0.929,5.735,1,0.6594,0,0.8402,HIGH,0.9201,0.959
CHEMBL2382415,0.5149,4.798,1,0.595,1,0.0691,MEDIUM,0.5346,0.4493
SFVRYZSALZWGIG-MJGOQNOKSA-N,0.2982,4.696,1,0.647,0,0.2761,HIGH,0.362,0.0847
CHEMBL551281,0.334,5.528,1,0.6803,0,0.261,HIGH,0.3695,0.2149
CHEMBL1094208,0.4218,5.542,0,0.2994,1,0.1496,LOW,0.4252,0.4105
CHEMBL390649,0.9942,6.437,1,0.6691,0,0.985,HIGH,0.9925,1.0
SGNVECCZFALOMS-UHFFFAOYSA-N,0.676,5.302,1,0.5881,0,0.5434,HIGH,0.7717,0.3555
CHEMBL204408,0.4832,5.19,1,0.6371,1,0.1708,MEDIUM,0.5854,0.141
CHEMBL3769478,0.3041,5.073,1,0.557,0,0.4895,HIGH,0.2553,0.4677
CHEMBL4861425,0.7322,5.464,0,0.4792,0,0.509,LOW,0.7545,0.6576
CHEMBL5090267,0.5853,5.307,1,0.7359,1,0.0241,MEDIUM,0.512,0.8305
CHEMBL492552,0.6945,5.854,0,0.488,0,0.3113,LOW,0.6556,0.8248
CHEMBL2146598,0.2766,5.372,1,0.5444,0,0.5641,HIGH,0.218,0.4727
CHEMBL4066955,0.711,5.442,1,0.6455,0,0.3821,HIGH,0.691,0.7778
SIADCNVXYZQNTO-UHFFFAOYSA-N,0.1449,4.948,1,0.5235,0,0.7298,HIGH,0.1351,0.1776
CHEMBL4476655,0.2912,4.93,1,0.6991,0,0.4997,HIGH,0.2502,0.4287
CHEMBL1957791,0.7255,5.228,0,0.4819,0,0.3978,LOW,0.6989,0.8146
CHEMBL3597634,0.4526,5.367,0,0.2561,1,0.1102,LOW,0.5551,0.1094
CHEMBL2333630,0.7937,5.097,1,0.6826,0,0.4674,HIGH,0.7337,0.9947
CHEMBL486644,0.8126,5.92,1,0.5019,0,0.5169,HIGH,0.7585,0.9939
CHEMBL4533539,0.2295,4.821,1,0.6019,0,0.5905,HIGH,0.2048,0.3124
SJBYDAUUDYGQIX-AOYPEHQESA-N,0.3517,4.994,1,0.7765,0,0.3722,HIGH,0.3139,0.478
CHEMBL2147212,0.7558,5.224,1,0.6559,0,0.3681,HIGH,0.6841,0.9959
CHEMBL4460797,0.5881,5.48,1,0.6351,1,0.1473,MEDIUM,0.5737,0.6363
CHEMBL4464943,0.5881,5.48,1,0.6351,1,0.1473,MEDIUM,0.5737,0.6363
CHEMBL2179806,0.7462,5.728,0,0.4889,0,0.341,LOW,0.6705,0.9996
CHEMBL467660,0.1226,5.815,0,0.2843,0,0.6821,LOW,0.159,0.0007
SJVDCFJVJFVWBU-UHFFFAOYSA-N,0.304,4.945,1,0.7501,0,0.4022,HIGH,0.2989,0.3212
CHEMBL237547,0.073,4.159,0,0.4666,0,0.8107,LOW,0.0947,0.0006
CHEMBL4104889,0.4275,5.147,0,0.3512,0,0.2303,LOW,0.3848,0.5702
CHEMBL3798124,0.3086,4.735,0,0.2956,0,0.3334,LOW,0.3333,0.226
CHEMBL602875,0.4272,5.056,0,0.302,0,0.4515,LOW,0.2743,0.9392
CHEMBL4448921,0.5745,5.24,1,0.5392,1,0.1124,MEDIUM,0.5562,0.6358
CHEMBL4644856,0.3854,5.382,1,0.7173,1,0.1777,MEDIUM,0.4111,0.2993
SLVRELOFWFQAMI-UHFFFAOYSA-N,0.1016,4.704,0,0.4361,0,0.7936,LOW,0.1032,0.0961
CHEMBL4472802,0.0925,4.673,0,0.4853,0,0.7906,LOW,0.1047,0.0514
CHEMBL5085521,0.7988,5.533,1,0.625,0,0.5161,HIGH,0.7581,0.9351
CHEMBL2316211,0.0664,4.241,1,0.6696,0,0.8614,HIGH,0.0693,0.0565
CHEMBL487063,0.8775,5.225,1,0.8161,0,0.9248,HIGH,0.9624,0.5935
CHEMBL208028,0.9284,5.952,1,0.6108,0,0.8146,HIGH,0.9073,0.9991
CHEMBL4161555,0.9477,5.97,1,0.5527,0,0.8705,HIGH,0.9352,0.9892
CHEMBL3318998,0.4861,4.758,1,0.6257,1,0.1183,MEDIUM,0.4408,0.6378
CHEMBL546531,0.6931,5.632,0,0.3102,0,0.6424,LOW,0.8212,0.2641
CHEMBL3929544,0.5146,5.505,0,0.274,0,0.3365,LOW,0.6683,0.0002
CHEMBL4863873,0.9564,6.266,0,0.4354,0,0.8885,LOW,0.9443,0.9972
CHEMBL4644898,0.2145,5.287,1,0.5218,0,0.5569,HIGH,0.2215,0.1909
SNYFWQWLZIRNKD-UHFFFAOYSA-N,0.8551,5.868,0,0.412,0,0.6583,LOW,0.8292,0.9418
CHEMBL2058831,0.3518,5.427,0,0.3572,1,0.1501,LOW,0.4249,0.107
SOTBKNXFRAXTAE-UHFFFAOYSA-N,0.9382,5.569,1,0.6197,0,0.8442,HIGH,0.9221,0.992
CHEMBL3318985,0.3372,5.11,1,0.569,0,0.2815,HIGH,0.3593,0.2634
CHEMBL4209354,0.1699,4.742,1,0.5659,0,0.7012,HIGH,0.1494,0.2385
CHEMBL4787816,0.3844,5.021,0,0.2707,0,0.3192,LOW,0.3404,0.5319
CHEMBL2029569,0.3291,5.032,1,0.7387,0,0.3386,HIGH,0.3307,0.324
CHEMBL1169795,0.2835,4.916,0,0.4497,0,0.4037,LOW,0.2981,0.2345
CHEMBL3774852,0.4938,5.975,1,0.6073,1,0.0988,MEDIUM,0.5494,0.3076
CHEMBL209821,0.8635,5.799,1,0.6295,0,0.6732,HIGH,0.8366,0.9534
CHEMBL1651717,0.4552,5.447,0,0.3763,1,0.0461,LOW,0.477,0.3822
CHEMBL4161395,0.8949,6.383,0,0.2575,0,0.7328,LOW,0.8664,0.9905
CHEMBL3597971,0.1586,4.713,0,0.3763,0,0.7255,LOW,0.1372,0.2301
CHEMBL1084033,0.8935,5.599,0,0.4423,0,0.7672,LOW,0.8836,0.9264
CHEMBL551208,0.2023,4.466,0,0.4381,0,0.6666,LOW,0.1667,0.3214
CHEMBL4570162,0.9184,5.962,1,0.767,0,0.7894,HIGH,0.8947,0.9975
CHEMBL1928705,0.8822,5.507,1,0.6323,0,0.7216,HIGH,0.8608,0.9538
CHEMBL3605128,0.5842,5.36,1,0.7777,1,0.0297,MEDIUM,0.4852,0.9156
CHEMBL225278,0.5357,4.918,1,0.7682,1,0.1912,MEDIUM,0.5956,0.3352
CHEMBL4778806,0.4566,5.466,0,0.4008,1,0.1048,LOW,0.4476,0.4866
CHEMBL1091069,0.9292,5.562,1,0.6449,0,0.8718,HIGH,0.9359,0.9068
CHEMBL221684,0.3621,5.743,0,0.3333,1,0.083,LOW,0.4585,0.0395
SRYMLVUNMNZEHF-UHFFFAOYSA-N,0.0272,4.93,1,0.8028,0,0.9601,HIGH,0.02,0.0515
CHEMBL4540906,0.15,4.787,0,0.4236,0,0.6972,LOW,0.1514,0.1453
CHEMBL3422012,0.2526,4.958,1,0.5075,0,0.557,HIGH,0.2215,0.3565
CHEMBL247647,0.1099,5.068,1,0.6052,0,0.7155,HIGH,0.1423,0.0013
CHEMBL1924014,0.3197,5.021,0,0.4686,0,0.2162,LOW,0.3919,0.0779
CHEMBL403782,0.1094,4.891,0,0.389,0,0.7515,LOW,0.1243,0.0598
CHEMBL5082142,0.3267,5.027,1,0.7118,0,0.2219,HIGH,0.389,0.1178
CHEMBL2436226,0.3614,5.179,0,0.2501,0,0.2482,LOW,0.3759,0.3129
CHEMBL2424875,0.0875,4.794,1,0.7415,0,0.7901,HIGH,0.105,0.029
CHEMBL519389,0.7307,5.463,1,0.5836,0,0.3226,HIGH,0.6613,0.9631
CHEMBL4213555,0.0901,5.513,1,0.6855,0,0.8368,HIGH,0.0816,0.1184
CHEMBL4290141,0.4107,5.621,1,0.5152,1,0.1244,MEDIUM,0.4378,0.32
CHEMBL3703284,0.0389,5.081,1,0.7989,0,0.9349,HIGH,0.0325,0.0602
STZQQINBQFSEJJ-SFTDATJTSA-N,0.7788,5.578,0,0.3948,0,0.7174,LOW,0.8587,0.5113
CHEMBL221905,0.3289,5.704,0,0.4525,0,0.4519,LOW,0.274,0.5124
CHEMBL1818837,0.5928,5.845,1,0.6539,1,0.1946,MEDIUM,0.5973,0.5779
CHEMBL3740099,0.1206,4.961,0,0.2752,0,0.6868,LOW,0.1566,0.0
CHEMBL2207656,0.8452,5.663,1,0.6793,0,0.6581,HIGH,0.829,0.8992
CHEMBL401752,0.9883,5.734,1,0.8174,0,0.9705,HIGH,0.9852,0.9985
CHEMBL4636316,0.3437,5.386,1,0.6519,0,0.221,HIGH,0.3895,0.1905
CHEMBL552338,0.2538,5.369,1,0.7839,0,0.5972,HIGH,0.2014,0.4294
CHEMBL2208405,0.1645,4.769,0,0.3454,0,0.5812,LOW,0.2094,0.0143
CHEMBL1098872,0.0871,5.372,1,0.7456,0,0.7916,HIGH,0.1042,0.0299
CHEMBL1910547,0.9118,5.706,1,0.6139,0,0.7813,HIGH,0.8906,0.9828
CHEMBL2036415,0.8358,5.842,0,0.3856,0,0.5976,LOW,0.7988,0.9595
CHEMBL4473761,0.8485,5.715,1,0.7724,0,0.6066,HIGH,0.8033,0.9998
CHEMBL4076061,0.4974,5.078,1,0.5087,0,0.2895,HIGH,0.6447,0.0043
CHEMBL438876,0.8517,5.228,1,0.7503,0,0.6455,HIGH,0.8227,0.9486
CHEMBL2017413,0.884,5.991,1,0.583,0,0.7186,HIGH,0.8593,0.9668
CHEMBL1095476,0.6907,5.953,1,0.7554,0,0.2844,HIGH,0.6422,0.8528
CHEMBL583867,0.0448,4.928,1,0.7356,0,0.8892,HIGH,0.0554,0.0092
CHEMBL3967709,0.6189,4.973,1,0.5344,0,0.5196,HIGH,0.7598,0.1473
CHEMBL1632223,0.9242,6.715,1,0.7971,0,0.8094,HIGH,0.9047,0.9898
CHEMBL3590463,0.8675,6.694,1,0.4973,0,0.7487,HIGH,0.8743,0.8448
CHEMBL4096097,0.2467,5.462,1,0.5944,0,0.4994,HIGH,0.2503,0.2348
CHEMBL4785725,0.3498,4.994,1,0.6162,1,0.1816,MEDIUM,0.4092,0.1511
CHEMBL4526283,0.1133,4.816,1,0.5467,0,0.7165,HIGH,0.1417,0.018
CHEMBL1084879,0.877,5.585,1,0.6234,0,0.7493,HIGH,0.8747,0.8849
CHEMBL3609759,0.7787,5.117,1,0.7207,0,0.491,HIGH,0.7455,0.8896
CHEMBL3605133,0.5908,5.292,1,0.7968,1,0.0701,MEDIUM,0.5351,0.7773
CHEMBL589422,0.6297,5.715,0,0.2887,0,0.3451,LOW,0.6725,0.4863
CHEMBL4074833,0.1682,4.803,1,0.7039,0,0.6826,HIGH,0.1587,0.2
CHEMBL2424931,0.1511,4.993,1,0.556,0,0.7407,HIGH,0.1297,0.2227
TULPBDKVNCSKDJ-UHFFFAOYSA-N,0.7779,5.187,1,0.5803,0,0.4965,HIGH,0.7483,0.8774
CHEMBL4081003,0.4379,5.081,0,0.4427,0,0.3475,LOW,0.3262,0.8116
TVKDOMFQEAUPSL-UHFFFAOYSA-N,0.9785,6.319,1,0.706,0,0.9445,HIGH,0.9723,0.9995
CHEMBL4164935,0.11,5.136,1,0.5368,0,0.7179,HIGH,0.1411,0.0061
CHEMBL2059321,0.7906,5.357,1,0.657,0,0.4566,HIGH,0.7283,0.9991
CHEMBL549635,0.8441,5.459,1,0.542,0,0.5963,HIGH,0.7982,0.998
TVRYCHWICBUDRD-UHFFFAOYSA-N,0.5145,5.636,0,0.3813,0,0.2123,LOW,0.6062,0.2075
CHEMBL1818833,0.3644,5.701,1,0.7236,0,0.223,HIGH,0.3885,0.2838
CHEMBL4080714,0.3531,4.669,1,0.6765,0,0.2313,HIGH,0.3843,0.2487
CHEMBL221746,0.5988,6.021,0,0.4233,1,0.0411,LOW,0.4795,0.9983
TXJIMPPHALVHGH-UHFFFAOYSA-N,0.3508,4.891,1,0.5048,0,0.5036,HIGH,0.2482,0.6944
CHEMBL2387312,0.8461,6.035,1,0.6383,0,0.6924,HIGH,0.8462,0.8456
CHEMBL1951608,0.8716,5.476,1,0.7273,0,0.8165,HIGH,0.9082,0.749
TYEQLJVPHLCAPI-UHFFFAOYSA-N,0.0591,4.772,1,0.6859,0,0.8732,HIGH,0.0634,0.0445
CHEMBL207220,0.8508,5.685,1,0.5573,0,0.6673,HIGH,0.8336,0.9084
TYLUAGXHVPXCPL-UHFFFAOYSA-N,0.9374,5.747,1,0.675,0,0.8397,HIGH,0.9198,0.9963
CHEMBL2325703,0.1247,4.658,1,0.5214,0,0.7516,HIGH,0.1242,0.1262
CHEMBL1289887,0.246,5.007,0,0.4606,0,0.3951,LOW,0.3024,0.0568
TYXUAVZCTAVLOO-UHFFFAOYSA-N,0.2476,5.174,1,0.6376,0,0.5187,HIGH,0.2406,0.2708
CHEMBL4089937,0.2218,5.081,1,0.6155,0,0.6812,HIGH,0.1594,0.4305
CHEMBL251371,0.0726,5.116,1,0.7695,0,0.8115,HIGH,0.0942,0.0004
CHEMBL4436170,0.9858,6.456,1,0.6485,0,0.9633,HIGH,0.9816,0.9995
CHEMBL400261,0.3149,4.989,1,0.6843,0,0.4547,HIGH,0.2727,0.4562
CHEMBL256472,0.9757,5.665,1,0.7352,0,0.941,HIGH,0.9705,0.993
CHEMBL3661485,0.4942,5.312,1,0.6632,1,0.0951,MEDIUM,0.4524,0.6342
UADVTYAYALMWKI-UHFFFAOYSA-N,0.8774,5.5,1,0.5057,0,0.6914,HIGH,0.8457,0.9836
CHEMBL1615187,0.2498,4.852,0,0.4793,0,0.3636,LOW,0.3182,0.0208
CHEMBL1951453,0.6097,5.568,0,0.3835,1,0.0949,LOW,0.5475,0.8179
CHEMBL3604691,0.7171,6.016,1,0.6379,0,0.2802,HIGH,0.6401,0.975
CHEMBL3604798,0.5172,6.095,1,0.5969,1,0.0224,MEDIUM,0.5112,0.5372
CHEMBL592125,0.3967,5.296,0,0.3164,1,0.0612,LOW,0.4694,0.1535
CHEMBL1945850,0.6323,5.441,1,0.5079,1,0.1443,MEDIUM,0.5722,0.8337
CHEMBL4209994,0.2986,5.209,1,0.5575,0,0.5153,HIGH,0.2424,0.487
CHEMBL4753469,0.5566,5.163,1,0.5605,1,0.0315,MEDIUM,0.5157,0.6935
CHEMBL1935574,0.541,5.422,1,0.4955,1,0.1574,MEDIUM,0.5787,0.415
CHEMBL4578468,0.4495,5.125,1,0.5954,1,0.1918,MEDIUM,0.4041,0.6013
CHEMBL4087734,0.3377,4.932,0,0.2967,0,0.403,LOW,0.2985,0.469
CHEMBL3417044,0.4149,5.386,1,0.5583,0,0.3378,HIGH,0.3311,0.6956
CHEMBL1086098,0.919,5.553,1,0.5574,0,0.8032,HIGH,0.9016,0.9774
CHEMBL4870435,0.1304,5.116,0,0.2626,0,0.7349,LOW,0.1326,0.123
CHEMBL4853212,0.1304,5.116,0,0.2626,0,0.7349,LOW,0.1326,0.123
UBQBRTYBMMMFHB-UHFFFAOYSA-N,0.0819,4.772,1,0.5579,0,0.8187,HIGH,0.0906,0.0524
CHEMBL4588822,0.5918,5.616,1,0.713,0,0.3462,HIGH,0.6731,0.3195
UBTJMMKDCGBMEX-CQSZACIVSA-N,0.8666,5.686,0,0.4694,0,0.6943,LOW,0.8471,0.9317
CHEMBL1951896,0.2968,4.989,1,0.7455,0,0.5609,HIGH,0.2196,0.5554
CHEMBL1809064,0.7539,5.253,1,0.6829,0,0.4155,HIGH,0.7078,0.9085
CHEMBL3605140,0.7589,5.971,1,0.8011,0,0.4479,HIGH,0.724,0.8758
CHEMBL2164565,0.2564,4.79,0,0.3555,0,0.3683,LOW,0.3158,0.0573
CHEMBL3605116,0.3368,5.098,1,0.7875,0,0.2638,HIGH,0.3681,0.232
CHEMBL3577959,0.1255,5.004,1,0.7193,0,0.6912,HIGH,0.1544,0.0289
CHEMBL4557050,0.646,5.759,0,0.3385,0,0.3376,LOW,0.6688,0.5699
CHEMBL2177909,0.7431,5.409,1,0.5466,0,0.4377,HIGH,0.7188,0.8241
CHEMBL2177908,0.7431,5.409,1,0.5466,0,0.4377,HIGH,0.7188,0.8241
CHEMBL3359234,0.9419,6.167,1,0.4993,0,0.8822,HIGH,0.9411,0.9446
CHEMBL1800831,0.2076,4.561,0,0.3632,0,0.4945,LOW,0.2528,0.0565
CHEMBL599886,0.1487,6.154,0,0.287,0,0.7172,LOW,0.1414,0.1732
CHEMBL3753081,0.4097,5.315,1,0.644,0,0.2292,HIGH,0.3854,0.4912
CHEMBL4447741,0.2884,5.124,0,0.4734,0,0.2729,LOW,0.3635,0.0367
CHEMBL1622128,0.1677,4.816,0,0.3447,0,0.8047,LOW,0.0976,0.4024
CHEMBL4077161,0.9343,5.964,1,0.7542,0,0.8326,HIGH,0.9163,0.9945
CHEMBL3808866,0.2516,5.321,0,0.3893,0,0.459,LOW,0.2705,0.1883
CHEMBL3604801,0.6003,5.411,1,0.5876,1,0.0184,MEDIUM,0.5092,0.905
CHEMBL4074093,0.4022,5.163,1,0.5272,0,0.5192,HIGH,0.2404,0.944
CHEMBL3770363,0.3322,5.393,1,0.5449,0,0.3336,HIGH,0.3332,0.3289
CHEMBL3775197,0.997,5.9,1,0.6742,0,0.9932,HIGH,0.9966,0.9983
CHEMBL2435853,0.2707,4.813,0,0.422,0,0.4805,LOW,0.2598,0.3075
CHEMBL1778052,0.1309,4.895,1,0.526,0,0.7375,HIGH,0.1312,0.1297
CHEMBL4457557,0.2083,4.968,0,0.2922,0,0.4599,LOW,0.2701,0.0017
CHEMBL255806,0.9772,5.725,1,0.8181,0,0.9409,HIGH,0.9704,0.9999
CHEMBL1813472,0.7966,4.989,1,0.7087,0,0.6658,HIGH,0.8329,0.675
CHEMBL1813471,0.7966,4.989,1,0.7087,0,0.6658,HIGH,0.8329,0.675
UIFRCTVMHZZAIO-UHFFFAOYSA-N,0.0855,5.077,1,0.6115,0,0.8478,HIGH,0.0761,0.1171
CHEMBL1094562,0.2529,4.818,0,0.4156,0,0.644,LOW,0.178,0.5035
CHEMBL1224066,0.9198,5.765,1,0.6742,0,0.8284,HIGH,0.9142,0.9385
CHEMBL2325207,0.8332,6.341,0,0.4027,0,0.7723,LOW,0.8862,0.656
CHEMBL590212,0.3929,5.707,1,0.6839,0,0.3018,HIGH,0.3491,0.5394
CHEMBL1910320,0.9819,6.447,1,0.839,0,0.9541,HIGH,0.977,0.9982
CHEMBL96153,0.956,6.98,0,0.4268,0,0.889,LOW,0.9445,0.9945
CHEMBL94664,0.956,6.98,0,0.4268,0,0.889,LOW,0.9445,0.9945
CHEMBL4636709,0.525,5.561,0,0.3844,1,0.1041,LOW,0.552,0.4346
UJDFAXMVYUOWDP-UHFFFAOYSA-N,0.8751,5.345,1,0.5587,0,0.728,HIGH,0.864,0.9124
CHEMBL1083118,0.15,4.778,0,0.2928,0,0.6143,LOW,0.1929,0.0064
CHEMBL1089501,0.2068,4.751,1,0.7418,0,0.525,HIGH,0.2375,0.104
CHEMBL1946017,0.9206,5.389,1,0.6912,0,0.795,HIGH,0.8975,0.9978
CHEMBL2204251,0.1925,4.459,1,0.7546,0,0.5198,HIGH,0.2401,0.0332
UJURXKLCXJFZLB-UHFFFAOYSA-N,0.1113,4.985,1,0.6683,0,0.7847,HIGH,0.1077,0.1234
CHEMBL3422960,0.4953,5.937,1,0.6543,1,0.1858,MEDIUM,0.4071,0.7905
CHEMBL402826,0.9901,5.817,1,0.7495,0,0.9758,HIGH,0.9879,0.9976
CHEMBL3297762,0.5715,5.839,0,0.2776,1,0.0452,LOW,0.5226,0.7354
CHEMBL1668239,0.7141,5.617,1,0.6705,0,0.4687,HIGH,0.7343,0.6462
CHEMBL4443394,0.6584,5.51,1,0.622,0,0.2528,HIGH,0.6264,0.7657
CHEMBL2021972,0.0375,4.812,1,0.8198,0,0.9027,HIGH,0.0486,0.0002
CHEMBL1923108,0.3621,4.679,1,0.7623,0,0.5113,HIGH,0.2443,0.7561
CHEMBL393472,0.2383,5.004,1,0.6006,0,0.395,HIGH,0.3025,0.0233
CHEMBL2021322,0.5236,5.673,0,0.3006,0,0.2039,LOW,0.398,0.9438
CHEMBL3604800,0.7834,5.877,1,0.6306,0,0.4447,HIGH,0.7224,0.9877
UMHXCYAPYLEZHQ-UHFFFAOYSA-N,0.2754,5.141,0,0.4394,0,0.4429,LOW,0.2785,0.265
CHEMBL1957790,0.6695,5.183,1,0.5282,0,0.2269,HIGH,0.6135,0.8573
CHEMBL4649410,0.2999,5.089,1,0.5058,0,0.5992,HIGH,0.2004,0.6332
CHEMBL5409389,0.331,5.061,0,0.2631,1,0.1918,LOW,0.4041,0.0865
CHEMBL3908229,0.4422,4.996,0,0.4641,1,0.0318,LOW,0.4841,0.3021
CHEMBL3115107,0.0191,4.433,1,0.8652,0,0.9503,HIGH,0.0248,0.0001
CHEMBL5080010,0.1987,4.807,0,0.3642,0,0.4852,LOW,0.2574,0.0022
CHEMBL4776734,0.3623,5.323,1,0.7018,0,0.3409,HIGH,0.3295,0.4722
CHEMBL2336057,0.2281,4.926,0,0.3985,0,0.4224,LOW,0.2888,0.0249
CHEMBL4763513,0.2835,5.459,1,0.6109,0,0.3064,HIGH,0.3468,0.0714
CHEMBL1521373,0.2969,4.739,0,0.3714,0,0.5498,LOW,0.2251,0.5374
CHEMBL4129258,0.3314,5.228,0,0.3296,1,0.1836,LOW,0.4082,0.0743
CHEMBL482057,0.4522,5.364,1,0.6591,1,0.1264,MEDIUM,0.5632,0.0808
CHEMBL4127879,0.2862,5.253,0,0.3466,0,0.2765,LOW,0.3617,0.0332
CHEMBL4517147,0.4881,5.027,1,0.5611,1,0.0719,MEDIUM,0.464,0.5688
CHEMBL243900,0.9677,6.223,1,0.7486,0,0.917,HIGH,0.9585,0.9985
UOOCVQDYSOPSIJ-UHFFFAOYSA-N,0.4737,5.007,1,0.7183,1,0.0806,MEDIUM,0.5403,0.2508
CHEMBL4634285,0.2546,5.092,1,0.5618,0,0.3918,HIGH,0.3041,0.0889
CHEMBL205912,0.9058,5.8,0,0.3128,0,0.7577,LOW,0.8788,0.9962
CHEMBL461236,0.9216,6.169,1,0.5135,0,0.9018,HIGH,0.9509,0.8234
CHEMBL3605139,0.669,5.497,1,0.8565,0,0.218,HIGH,0.609,0.8699
CHEMBL3238274,0.3215,5.08,0,0.2926,1,0.1809,LOW,0.4096,0.0267
CHEMBL1081237,0.9893,5.977,1,0.5671,0,0.9727,HIGH,0.9864,0.9991
CHEMBL3822976,0.3905,4.765,0,0.4816,0,0.5167,LOW,0.2416,0.8887
CHEMBL560516,0.3139,5.551,1,0.7577,0,0.5377,HIGH,0.2312,0.5908
CHEMBL4069220,0.1897,5.457,1,0.5779,0,0.512,HIGH,0.244,0.0078
CHEMBL402015,0.9057,5.743,1,0.7675,0,0.7551,HIGH,0.8775,0.9998
CHEMBL1096827,0.3201,5.048,0,0.4087,0,0.4614,LOW,0.2693,0.49
CHEMBL4071250,0.6957,5.17,1,0.658,0,0.3906,HIGH,0.6953,0.6969
CHEMBL4061747,0.2894,5.35,1,0.5824,0,0.5425,HIGH,0.2288,0.4924
CHEMBL4785918,0.1989,5.104,0,0.3906,0,0.7375,LOW,0.1313,0.4255
UTBHMAUJPAIFTH-UHFFFAOYSA-N,0.1418,4.923,1,0.7346,0,0.6659,HIGH,0.167,0.0574
CHEMBL4162197,0.3781,5.229,1,0.5658,1,0.0399,MEDIUM,0.48,0.0368
CHEMBL272379,0.9417,5.825,1,0.6502,0,0.8597,HIGH,0.9298,0.9813
CHEMBL3422968,0.5752,5.616,1,0.5384,1,0.1001,MEDIUM,0.4499,0.9947
CHEMBL592786,0.8135,5.578,0,0.3277,0,0.5503,LOW,0.7751,0.9421
CHEMBL2325704,0.1411,4.925,1,0.6872,0,0.6503,HIGH,0.1749,0.0283
CHEMBL4761964,0.1841,5.525,0,0.3337,0,0.7188,LOW,0.1406,0.3297
CHEMBL570033,0.4023,5.31,1,0.5922,1,0.0099,MEDIUM,0.505,0.0586
UUVNBMVWHDQRNZ-UHFFFAOYSA-N,0.1106,4.958,1,0.6532,0,0.7504,HIGH,0.1248,0.063
CHEMBL4217712,0.4885,5.12,1,0.6593,1,0.071,MEDIUM,0.5355,0.3311
CHEMBL2315924,0.0683,4.342,1,0.7555,0,0.8575,HIGH,0.0713,0.0585
CHEMBL1836249,0.7865,5.54,1,0.4995,0,0.4525,HIGH,0.7263,0.988
CHEMBL4202790,0.0662,5.573,1,0.6836,0,0.8752,HIGH,0.0624,0.0788
CHEMBL1271274,0.1853,5.143,1,0.5882,0,0.5386,HIGH,0.2307,0.0336
CHEMBL1290038,0.7645,5.932,1,0.5631,0,0.4466,HIGH,0.7233,0.9025
UXMMZUYNKQSOKI-ILBGXUMGSA-N,0.2669,4.958,1,0.7207,0,0.5069,HIGH,0.2466,0.3348
CHEMBL4587816,0.601,5.707,0,0.4484,0,0.2278,LOW,0.6139,0.5576
CHEMBL547193,0.5481,5.459,0,0.3907,1,0.072,LOW,0.464,0.8298
UYFOFEJPPDSOCE-UHFFFAOYSA-N,0.4073,4.879,0,0.4874,0,0.351,LOW,0.3245,0.6847
CHEMBL2036762,0.6999,5.625,1,0.6658,0,0.5968,HIGH,0.7984,0.3702
CHEMBL3338895,0.1329,5.108,0,0.3644,0,0.7442,LOW,0.1279,0.1495
CHEMBL1258492,0.9695,5.784,1,0.6914,0,0.9612,HIGH,0.9806,0.9325
CHEMBL2164571,0.1192,4.545,0,0.3157,0,0.7098,LOW,0.1451,0.0324
CHEMBL3605134,0.6449,5.69,1,0.7874,0,0.2031,HIGH,0.6015,0.7901
CHEMBL3301610,0.643,4.945,1,0.5252,0,0.5989,HIGH,0.7994,0.1193
CHEMBL4105373,0.442,5.244,0,0.419,0,0.4222,LOW,0.2889,0.9547
CHEMBL2147316,0.2257,4.839,0,0.481,0,0.7327,LOW,0.1337,0.5336
CHEMBL2324255,0.8853,5.645,0,0.3758,0,0.7104,LOW,0.8552,0.986
CHEMBL552367,0.9473,5.823,1,0.5981,0,0.8829,HIGH,0.9414,0.9671
CHEMBL4092687,0.488,5.822,0,0.3317,1,0.1522,LOW,0.5761,0.1931
CHEMBL550472,0.8109,5.334,1,0.6827,0,0.6192,HIGH,0.8096,0.8154
CHEMBL571229,0.9284,5.782,1,0.5895,0,0.8445,HIGH,0.9223,0.9489
CHEMBL3965189,0.1318,4.759,1,0.6217,0,0.7506,HIGH,0.1247,0.1556
CHEMBL3605005,0.4605,5.063,1,0.7768,0,0.2017,HIGH,0.3991,0.666
CHEMBL3605003,0.4605,5.063,1,0.7768,0,0.2017,HIGH,0.3991,0.666
CHEMBL2333621,0.7334,5.083,1,0.7001,0,0.3206,HIGH,0.6603,0.9781
CHEMBL4746586,0.645,5.329,0,0.4672,0,0.3887,LOW,0.6944,0.4797
CHEMBL2177910,0.8405,5.761,1,0.6762,0,0.627,HIGH,0.8135,0.9308
CHEMBL4587871,0.6641,5.688,0,0.27,0,0.3991,LOW,0.6996,0.5455
CHEMBL4459919,0.276,5.148,1,0.6984,0,0.3633,HIGH,0.3183,0.1344
CHEMBL611,0.1536,4.633,0,0.4051,0,0.7185,LOW,0.1407,0.1969
CHEMBL221231,0.4639,5.48,1,0.7068,0,0.3361,HIGH,0.332,0.9058
CHEMBL4457012,0.0709,4.575,1,0.707,0,0.8248,HIGH,0.0876,0.0148
CHEMBL1083708,0.8854,5.736,1,0.5133,0,0.7685,HIGH,0.8842,0.8892
CHEMBL3753718,0.2508,4.899,1,0.6913,0,0.4662,HIGH,0.2669,0.1969
CHEMBL3753988,0.2508,4.899,1,0.6913,0,0.4662,HIGH,0.2669,0.1969
CHEMBL4093121,0.2753,4.998,1,0.7048,0,0.6855,HIGH,0.1572,0.6707
CHEMBL3634125,0.3852,5.204,1,0.6543,0,0.2332,HIGH,0.3834,0.3913
CHEMBL4760328,0.4643,5.181,0,0.27,0,0.2079,LOW,0.396,0.6929
CHEMBL3422976,0.5516,6.017,1,0.5478,1,0.026,MEDIUM,0.487,0.7678
CHEMBL4449766,0.6583,5.138,1,0.699,1,0.1731,MEDIUM,0.5866,0.8984
CHEMBL1290392,0.5572,5.337,1,0.5625,1,0.1308,MEDIUM,0.4346,0.9676
CHEMBL571389,0.9456,6.725,1,0.7649,0,0.8661,HIGH,0.9331,0.9874
CHEMBL582767,0.8442,6.101,0,0.2768,0,0.6214,LOW,0.8107,0.9562
CHEMBL1518265,0.559,5.537,0,0.2809,1,0.1448,LOW,0.4276,0.9988
CHEMBL1098873,0.1431,5.268,1,0.7399,0,0.7235,HIGH,0.1383,0.1594
VFTROENQUWUAES-GOSISDBHSA-N,0.9249,5.783,0,0.4793,0,0.805,LOW,0.9025,0.9997
CHEMBL4083428,0.5214,5.347,1,0.7282,1,0.1235,MEDIUM,0.5618,0.3865
CHEMBL4786776,0.3826,5.055,0,0.2788,0,0.2957,LOW,0.3521,0.4847
CHEMBL3901517,0.5785,5.819,0,0.3608,1,0.0755,LOW,0.4622,0.9677
CHEMBL3601260,0.192,4.907,0,0.3689,0,0.5664,LOW,0.2168,0.1089
VGHHMPIAHHSXAR-DIMJTDRSSA-N,0.171,4.391,1,0.6264,0,0.7496,HIGH,0.1252,0.3245
VGKMJMNCNMRSEO-UHFFFAOYSA-N,0.0212,4.71,1,0.718,0,0.9452,HIGH,0.0274,0.0002
CHEMBL3422755,0.7026,5.955,1,0.6173,0,0.2332,HIGH,0.6166,0.9906
CHEMBL1172439,0.9619,5.844,1,0.7243,0,0.9013,HIGH,0.9506,0.9997
CHEMBL1800770,0.4411,4.904,0,0.3509,1,0.0381,LOW,0.5191,0.1802
CHEMBL2315243,0.2224,5.009,0,0.3649,0,0.7073,LOW,0.1463,0.4768
CHEMBL4451099,0.2729,5.164,1,0.6257,0,0.513,HIGH,0.2435,0.3714
CHEMBL3421928,0.6784,5.829,1,0.523,0,0.3338,HIGH,0.6669,0.717
CHEMBL3793857,0.8732,5.33,1,0.7395,0,0.7236,HIGH,0.8618,0.9113
CHEMBL4521547,0.7274,5.384,1,0.6396,0,0.3524,HIGH,0.6762,0.8988
CHEMBL375516,0.9106,6.714,0,0.4366,0,0.7679,LOW,0.884,1.0
CHEMBL641,0.8369,5.081,0,0.3476,0,0.59,LOW,0.795,0.9773
CHEMBL601906,0.043,4.88,1,0.6919,0,0.8895,HIGH,0.0552,0.0022
CHEMBL250699,0.3753,5.764,0,0.4673,1,0.1314,LOW,0.4343,0.1776
VHMBWFZHXLMGJM-UHFFFAOYSA-N,0.1647,4.927,1,0.7162,0,0.6267,HIGH,0.1866,0.0911
CHEMBL3913540,0.3273,5.108,1,0.6037,0,0.4036,HIGH,0.2982,0.4247
CHEMBL4176397,0.2786,5.294,0,0.3636,0,0.4734,LOW,0.2633,0.3299
CHEMBL4585408,0.4532,5.054,1,0.6432,1,0.1074,MEDIUM,0.4463,0.4765
CHEMBL2017057,0.1354,4.775,0,0.3286,0,0.6688,LOW,0.1656,0.0345
CHEMBL2164375,0.261,5.014,1,0.7187,0,0.4073,HIGH,0.2964,0.1427
CHEMBL1290037,0.719,5.878,1,0.5964,0,0.4559,HIGH,0.728,0.6891
CHEMBL2024394,0.0831,4.574,1,0.7636,0,0.7843,HIGH,0.1078,0.0002
CHEMBL1836165,0.6124,5.358,0,0.4903,1,0.0122,LOW,0.5061,0.9682
CHEMBL1809079,0.7009,5.272,1,0.7181,0,0.3476,HIGH,0.6738,0.7916
CHEMBL377241,0.8364,5.765,0,0.3949,0,0.6376,LOW,0.8188,0.8954
CHEMBL3582341,0.7114,5.27,1,0.8472,0,0.6087,HIGH,0.8043,0.4004
CHEMBL4645781,0.5944,5.58,1,0.7522,0,0.231,HIGH,0.6155,0.5237
CHEMBL4284340,0.9193,6.366,0,0.3217,0,0.7927,LOW,0.8964,0.9959
CHEMBL4644361,0.0616,5.274,1,0.5944,0,0.8435,HIGH,0.0783,0.0057
CHEMBL454407,0.5517,5.578,0,0.3026,0,0.2601,LOW,0.6301,0.2895
VKZZDEPAWFRBMZ-UHFFFAOYSA-N,0.8934,5.723,0,0.4614,0,0.7275,LOW,0.8637,0.9925
CHEMBL263101,0.8603,5.333,1,0.6735,0,0.7035,HIGH,0.8518,0.889
VLLYNPWTZGQZOJ-UHFFFAOYSA-N,0.2484,6.068,1,0.5129,0,0.4936,HIGH,0.2532,0.2325
CHEMBL1835146,0.6632,5.412,1,0.6362,0,0.3571,HIGH,0.6785,0.612
CHEMBL2147317,0.2523,4.86,0,0.4408,0,0.4614,LOW,0.2693,0.1954
CHEMBL4873054,0.6956,6.151,0,0.4686,0,0.2546,LOW,0.6273,0.9243
CHEMBL1093044,0.7174,5.876,1,0.5563,0,0.5964,HIGH,0.7982,0.4467
CHEMBL3422760,0.7161,5.273,1,0.6757,0,0.2749,HIGH,0.6375,0.9792
VNUIGFBBTMPCOQ-UHFFFAOYSA-N,0.7622,5.212,1,0.7339,0,0.6761,HIGH,0.838,0.5082
CHEMBL257524,0.9068,5.481,1,0.6709,0,0.7599,HIGH,0.88,0.9965
CHEMBL2312549,0.9507,5.965,1,0.6309,0,0.8803,HIGH,0.9401,0.9862
CHEMBL3703266,0.1093,4.716,1,0.6294,0,0.826,HIGH,0.087,0.1837
CHEMBL3211804,0.1508,5.304,0,0.2662,0,0.6807,LOW,0.1596,0.1211
CHEMBL4847775,0.6275,5.374,1,0.6883,0,0.2506,HIGH,0.6253,0.635
CHEMBL5089000,0.8843,5.481,1,0.7499,0,0.772,HIGH,0.886,0.8786
CHEMBL1684708,0.1013,5.638,1,0.7086,0,0.7375,HIGH,0.1313,0.0008
CHEMBL1271380,0.7135,5.814,1,0.663,0,0.2621,HIGH,0.6311,0.9896
CHEMBL256475,0.9111,5.889,1,0.7091,0,0.7797,HIGH,0.8898,0.9824
CHEMBL1910108,0.6856,5.439,1,0.6188,0,0.3489,HIGH,0.6744,0.723
CHEMBL3943295,0.4698,5.21,1,0.5544,1,0.0291,MEDIUM,0.4855,0.4172
CHEMBL2059311,0.728,5.345,1,0.7754,0,0.2945,HIGH,0.6472,0.9985
CHEMBL4091441,0.8223,5.708,0,0.2934,0,0.5482,LOW,0.7741,0.9838
CHEMBL4644137,0.0793,5.413,1,0.5734,0,0.7998,HIGH,0.1001,0.0097
VQEIMUYFGYBYLQ-LURJTMIESA-N,0.0565,4.672,1,0.5863,0,0.8767,HIGH,0.0616,0.0393
VQEIMUYFGYBYLQ-ZCFIWIBFSA-N,0.0565,4.672,1,0.5863,0,0.8767,HIGH,0.0616,0.0393
CHEMBL4203948,0.5008,5.282,0,0.478,1,0.1274,LOW,0.5637,0.2902
CHEMBL3963243,0.835,5.328,1,0.7462,0,0.6693,HIGH,0.8347,0.836
CHEMBL2441441,0.7274,5.367,1,0.7123,0,0.39,HIGH,0.695,0.8359
CHEMBL564021,0.2153,5.125,1,0.6864,0,0.6159,HIGH,0.1921,0.2932
CHEMBL231196,0.1293,4.568,1,0.5001,0,0.7094,HIGH,0.1453,0.0759
CHEMBL2382341,0.2974,4.971,1,0.5876,0,0.2702,HIGH,0.3649,0.0715
CHEMBL4442209,0.2405,4.991,0,0.3537,0,0.463,LOW,0.2685,0.1469
CHEMBL4451354,0.3084,4.939,1,0.711,0,0.6111,HIGH,0.1945,0.6899
CHEMBL3422287,0.791,5.9,1,0.6598,0,0.4584,HIGH,0.7292,0.998
CHEMBL4280731,0.3545,5.035,0,0.2833,0,0.5037,LOW,0.2482,0.7103
CHEMBL3651966,0.6947,5.377,0,0.374,0,0.3669,LOW,0.6834,0.7325
CHEMBL3765509,0.24,5.511,1,0.7349,0,0.4211,HIGH,0.2895,0.0745
CHEMBL488295,0.9541,6.168,1,0.6289,0,0.8837,HIGH,0.9419,0.995
CHEMBL3604687,0.7228,6.061,1,0.6443,0,0.3352,HIGH,0.6676,0.9075
CHEMBL2315938,0.1204,4.793,1,0.6985,0,0.7503,HIGH,0.1249,0.1053
CHEMBL3971056,0.3248,5.872,0,0.4237,0,0.2094,LOW,0.3953,0.0887
CHEMBL2070951,0.1552,4.988,1,0.7224,0,0.6543,HIGH,0.1728,0.0963
CHEMBL2382287,0.2807,4.969,1,0.6225,0,0.3374,HIGH,0.3313,0.1114
CHEMBL1650511,0.5043,5.87,0,0.2457,1,0.1455,LOW,0.5727,0.2751
CHEMBL3408617,0.4844,5.468,0,0.3617,1,0.0355,LOW,0.5178,0.3729
CHEMBL4638460,0.4874,5.365,1,0.5622,1,0.0998,MEDIUM,0.4501,0.6123
CHEMBL1289408,0.1818,5.148,1,0.6137,0,0.5565,HIGH,0.2217,0.048
CHEMBL4078280,0.178,4.896,1,0.7426,0,0.8392,HIGH,0.0804,0.5047
CHEMBL4080659,0.459,5.211,0,0.3626,0,0.2926,LOW,0.3537,0.8116
CHEMBL1951898,0.6139,5.227,1,0.7174,1,0.1062,MEDIUM,0.5531,0.8175
CHEMBL1080165,0.9896,6.078,1,0.5813,0,0.9746,HIGH,0.9873,0.9972
CHEMBL1080164,0.9896,6.078,1,0.5813,0,0.9746,HIGH,0.9873,0.9972
CHEMBL1079497,0.9896,6.078,1,0.5813,0,0.9746,HIGH,0.9873,0.9972
CHEMBL4634092,0.6885,5.416,0,0.356,0,0.2572,LOW,0.6286,0.8893
CHEMBL272545,0.9927,5.657,1,0.7837,0,0.9831,HIGH,0.9916,0.9963
CHEMBL4244649,0.4074,5.087,0,0.4788,0,0.4192,LOW,0.2904,0.799
VUWXNWPBNDLDRW-UHFFFAOYSA-N,0.6895,5.077,1,0.6079,0,0.498,HIGH,0.749,0.4901
CHEMBL4583368,0.3344,5.321,0,0.3009,0,0.2217,LOW,0.3891,0.1512
CHEMBL4442568,0.2213,5.022,0,0.2784,0,0.5769,LOW,0.2116,0.2539
CHEMBL1089078,0.8773,5.874,1,0.5722,0,0.7831,HIGH,0.8916,0.8296
CHEMBL3765596,0.4795,5.543,1,0.7603,1,0.0217,MEDIUM,0.5109,0.3744
CHEMBL3604690,0.7136,5.994,1,0.6492,0,0.3115,HIGH,0.6557,0.9075
CHEMBL424865,0.8694,6.216,1,0.5374,0,0.6645,HIGH,0.8322,0.9936
CHEMBL3422008,0.3105,4.726,1,0.7373,0,0.3967,HIGH,0.3016,0.3404
CHEMBL1095199,0.5022,5.802,1,0.7113,1,0.0873,MEDIUM,0.5437,0.3636
CHEMBL1095198,0.5022,5.802,1,0.7113,1,0.0873,MEDIUM,0.5437,0.3636
CHEMBL1095031,0.5022,5.802,1,0.7113,1,0.0873,MEDIUM,0.5437,0.3636
CHEMBL3787686,0.4555,5.224,0,0.3615,0,0.2533,LOW,0.3734,0.7304
CHEMBL1738986,0.8403,5.653,0,0.4384,0,0.6478,LOW,0.8239,0.8954
CHEMBL4284170,0.2526,5.316,0,0.3072,0,0.4114,LOW,0.2943,0.1129
CHEMBL3935636,0.3983,4.931,1,0.7719,0,0.3467,HIGH,0.3267,0.6382
CHEMBL367700,0.9011,5.683,1,0.6794,0,0.8348,HIGH,0.9174,0.8465
CHEMBL4072707,0.4094,5.354,0,0.3341,0,0.3495,LOW,0.3252,0.6913
CHEMBL3234874,0.4336,5.15,0,0.3389,1,0.0065,LOW,0.5033,0.2005
CHEMBL3289800,0.4088,5.619,0,0.4407,1,0.049,LOW,0.5245,0.0214
CHEMBL1836146,0.8008,5.598,1,0.5917,0,0.5088,HIGH,0.7544,0.956
CHEMBL1082786,0.9026,8.375,1,0.6718,0,0.8857,HIGH,0.9429,0.7677
VXMQPHUHTKNZPO-UHFFFAOYSA-N,0.8846,5.361,0,0.4833,0,0.7085,LOW,0.8543,0.986
VXQFCJXYUXOYMY-UHFFFAOYSA-N,0.1154,4.964,0,0.3984,0,0.703,LOW,0.1485,0.0048
CHEMBL3218481,0.3945,5.848,1,0.6395,1,0.0698,MEDIUM,0.4651,0.1583
CHEMBL563580,0.919,5.911,1,0.6408,0,0.8013,HIGH,0.9006,0.9803
CHEMBL4216862,0.324,4.75,1,0.7674,0,0.3662,HIGH,0.3169,0.3479
CHEMBL3422969,0.6601,5.657,1,0.581,1,0.1204,MEDIUM,0.5602,0.9943
CHEMBL3128188,0.2142,4.783,1,0.6052,0,0.6722,HIGH,0.1639,0.3825
CHEMBL3774515,0.9959,6.373,1,0.7392,0,0.9895,HIGH,0.9947,0.9998
CHEMBL4649482,0.1967,4.917,0,0.4183,0,0.7658,LOW,0.1171,0.463
CHEMBL3794427,0.7524,5.124,1,0.659,0,0.5045,HIGH,0.7522,0.7529
CHEMBL255778,0.9846,5.706,1,0.8162,0,0.9603,HIGH,0.9802,0.9993
VYZGGBZASXXMJU-UHFFFAOYSA-N,0.1968,5.576,1,0.5974,0,0.6277,HIGH,0.1862,0.2325
CHEMBL1779009,0.6361,4.945,1,0.5022,0,0.2198,HIGH,0.6099,0.7237
CHEMBL1836163,0.5561,5.474,1,0.5152,1,0.0773,MEDIUM,0.4614,0.8731
CHEMBL3741589,0.4535,5.199,0,0.4134,1,0.0331,LOW,0.5166,0.2424
CHEMBL3289802,0.5049,5.464,1,0.5125,0,0.2479,HIGH,0.6239,0.1063
CHEMBL3392292,0.1976,5.316,0,0.1638,0,0.4919,LOW,0.2541,0.0087
CHEMBL3758199,0.4292,5.423,1,0.6938,0,0.3095,HIGH,0.3453,0.71
CHEMBL4785272,0.9367,7.677,1,0.7147,0,0.8373,HIGH,0.9187,0.9971
CHEMBL1083426,0.8667,5.891,0,0.3807,0,0.7235,LOW,0.8617,0.8834
CHEMBL3608752,0.096,4.303,1,0.7305,0,0.8965,HIGH,0.0518,0.2441
CHEMBL3608751,0.096,4.303,1,0.7305,0,0.8965,HIGH,0.0518,0.2441
CHEMBL257900,0.9447,6.128,1,0.7771,0,0.8587,HIGH,0.9293,0.996
CHEMBL3754192,0.5343,5.438,1,0.6759,1,0.0404,MEDIUM,0.5202,0.5816
CHEMBL2208433,0.7044,5.303,1,0.5607,0,0.249,HIGH,0.6245,0.9718
CHEMBL4455404,0.1129,4.98,0,0.2814,0,0.7135,LOW,0.1432,0.0113
CHEMBL3824323,0.6086,5.202,0,0.4479,1,0.0186,LOW,0.5093,0.9408
CHEMBL582478,0.6063,5.31,0,0.4546,1,0.0111,LOW,0.5055,0.9437
CHEMBL4446970,0.6491,5.376,1,0.6298,1,0.1789,MEDIUM,0.5895,0.8487
CHEMBL1923123,0.2542,4.689,1,0.7425,0,0.5419,HIGH,0.2291,0.3383
CHEMBL2424895,0.8349,5.276,1,0.7301,0,0.5818,HIGH,0.7909,0.982
CHEMBL3422756,0.7558,5.695,1,0.6616,0,0.3701,HIGH,0.685,0.9927
CHEMBL1809061,0.8842,5.264,1,0.8029,0,0.7963,HIGH,0.8982,0.8375
CHEMBL450660,0.8088,5.317,0,0.354,0,0.5455,LOW,0.7728,0.9294
CHEMBL4646566,0.3147,5.173,0,0.2816,0,0.2354,LOW,0.3823,0.0883
CHEMBL4878564,0.3218,5.98,0,0.2429,1,0.1792,LOW,0.4104,0.0252
CHEMBL1099193,0.5558,5.547,1,0.691,1,0.0673,MEDIUM,0.5336,0.6298
CHEMBL1951614,0.3297,4.978,1,0.6274,0,0.4625,HIGH,0.2688,0.5338
CHEMBL580819,0.333,5.571,1,0.496,0,0.2356,HIGH,0.3822,0.1681
CHEMBL3746776,0.3818,4.989,1,0.6357,0,0.2331,HIGH,0.3835,0.3763
CHEMBL1934130,0.6759,5.491,0,0.3177,0,0.3221,LOW,0.6611,0.7256
CHEMBL1290058,0.6733,5.843,1,0.5146,1,0.1668,MEDIUM,0.5834,0.9742
CHEMBL4561098,0.1542,4.686,1,0.5827,0,0.6911,HIGH,0.1545,0.1534
CHEMBL554914,0.7385,5.101,1,0.5541,0,0.4411,HIGH,0.7205,0.7987
CHEMBL4641224,0.084,5.427,1,0.5509,0,0.7881,HIGH,0.1059,0.0104
CHEMBL4279373,0.8128,6.212,0,0.2997,0,0.5141,LOW,0.757,0.9995
CHEMBL466112,0.6477,4.981,1,0.5472,1,0.1136,MEDIUM,0.5568,0.9521
CHEMBL4082602,0.1447,4.532,1,0.5246,0,0.6295,HIGH,0.1853,0.0087
CHEMBL1088029,0.1862,4.799,0,0.474,0,0.5678,LOW,0.2161,0.0863
CHEMBL1800774,0.4719,4.968,0,0.3597,1,0.031,LOW,0.5155,0.3261
CHEMBL1950535,0.9631,5.857,1,0.691,0,0.9055,HIGH,0.9527,0.9977
WGUWYPRRZSZZLF-UHFFFAOYSA-N,0.9355,5.935,1,0.5824,0,0.8352,HIGH,0.9176,0.9952
CHEMBL394639,0.7023,4.991,1,0.648,0,0.2641,HIGH,0.632,0.9376
CHEMBL1094030,0.9314,6.006,1,0.5258,0,0.8346,HIGH,0.9173,0.9789
CHEMBL447114,0.6494,5.077,1,0.7511,0,0.3173,HIGH,0.6587,0.6183
CHEMBL4163469,0.4389,5.123,0,0.3116,1,0.1925,LOW,0.4037,0.5565
CHEMBL402016,0.9965,6.115,1,0.7612,0,0.9911,HIGH,0.9955,0.9997
CHEMBL1085321,0.7596,5.366,0,0.4517,0,0.4763,LOW,0.7382,0.8314
CHEMBL3775378,0.2165,5.01,0,0.324,0,0.5722,LOW,0.2139,0.225
WIBVYMDDPOXFEA-CQSZACIVSA-N,0.7511,5.11,0,0.4864,0,0.3707,LOW,0.6854,0.9711
CHEMBL566543,0.1372,4.614,1,0.694,0,0.723,HIGH,0.1385,0.1326
CHEMBL4637653,0.262,4.986,0,0.4276,0,0.6403,LOW,0.1798,0.537
WIPVJHVRGPHILG-UHFFFAOYSA-N,0.8603,5.295,1,0.5409,0,0.6551,HIGH,0.8276,0.9699
CHEMBL1494,0.8471,5.35,0,0.3012,0,0.6177,LOW,0.8088,0.9751
WJJNMRBIJWEZGE-ORYQWCPZSA-N,0.0772,4.5,1,0.7157,0,0.8145,HIGH,0.0927,0.0251
WJJNMRBIJWEZGE-TYCQWZJGSA-N,0.0772,4.5,1,0.7157,0,0.8145,HIGH,0.0927,0.0251
CHEMBL4229191,0.8303,5.696,1,0.7135,0,0.6442,HIGH,0.8221,0.8578
CHEMBL23979,0.4182,5.072,0,0.4783,1,0.0953,LOW,0.4523,0.3037
CHEMBL382741,0.7849,5.481,1,0.5088,0,0.8005,HIGH,0.9002,0.3988
CHEMBL551051,0.2608,5.086,1,0.5069,0,0.4884,HIGH,0.2558,0.2773
CHEMBL4741855,0.317,5.304,0,0.3988,1,0.1983,LOW,0.4008,0.0365
CHEMBL4577776,0.6098,5.351,1,0.6712,0,0.2739,HIGH,0.6369,0.5191
CHEMBL4174506,0.3738,5.303,0,0.3178,0,0.3334,LOW,0.3333,0.5093
CHEMBL590933,0.8319,6.088,0,0.3001,0,0.6052,LOW,0.8026,0.9298
CHEMBL401258,0.3021,5.998,0,0.4215,0,0.3244,LOW,0.3378,0.1826
WKLHRHOHIWMJCS-UHFFFAOYSA-N,0.0559,4.665,1,0.6543,0,0.8944,HIGH,0.0528,0.0662
CHEMBL1092241,0.7317,5.223,0,0.4561,0,0.601,LOW,0.8005,0.5015
WKSQSVJHSIYNRQ-FQEVSTJZSA-N,0.1322,4.905,0,0.3805,0,0.7992,LOW,0.1004,0.2387
WKTJEJIWQKDDEA-UHFFFAOYSA-N,0.9784,5.782,1,0.7041,0,0.944,HIGH,0.972,1.0
CHEMBL4858551,0.1272,4.833,0,0.3311,0,0.7199,LOW,0.1401,0.0843
CHEMBL4461475,0.278,4.955,0,0.49,0,0.4686,LOW,0.2657,0.3191
CHEMBL4547537,0.278,4.955,0,0.49,0,0.4686,LOW,0.2657,0.3191
CHEMBL2069512,0.9227,6.052,1,0.6776,0,0.8004,HIGH,0.9002,0.9979
CHEMBL4876338,0.4305,5.111,0,0.2706,1,0.0349,LOW,0.4826,0.2563
CHEMBL4108024,0.0606,4.762,1,0.5943,0,0.8568,HIGH,0.0716,0.0236
CHEMBL2204242,0.2023,4.831,1,0.7454,0,0.5311,HIGH,0.2345,0.0946
CHEMBL4215244,0.5576,5.148,1,0.6337,1,0.1333,MEDIUM,0.5666,0.5273
WMSJXLPHWFERCK-ZJUUUORDSA-N,0.0457,4.735,0,0.4591,0,0.9083,LOW,0.0458,0.0454
CHEMBL4524503,0.571,5.302,1,0.6019,1,0.002,MEDIUM,0.501,0.8054
CHEMBL1800911,0.3104,5.178,0,0.3689,0,0.4773,LOW,0.2614,0.4746
CHEMBL4542155,0.3186,5.224,1,0.6396,0,0.204,HIGH,0.398,0.0528
CHEMBL563926,0.9569,6.006,1,0.5546,0,0.8882,HIGH,0.9441,0.9997
CHEMBL3822587,0.2211,4.606,0,0.4865,0,0.6699,LOW,0.1651,0.4086
CHEMBL4079869,0.1918,4.835,1,0.5193,0,0.5506,HIGH,0.2247,0.0814
WNFAXPXRHCMQST-LOSJGSFVSA-N,0.6223,5.13,1,0.7056,1,0.0195,MEDIUM,0.5098,0.9991
CHEMBL464804,0.2219,4.697,1,0.6497,0,0.5914,HIGH,0.2043,0.2811
CHEMBL220755,0.4336,5.52,1,0.6303,0,0.4376,HIGH,0.2812,0.9439
CHEMBL4100591,0.9516,5.975,1,0.5254,0,0.8745,HIGH,0.9372,0.9999
CHEMBL3947221,0.0946,4.575,0,0.3008,0,0.7542,LOW,0.1229,0.0
CHEMBL4787847,0.4898,4.95,0,0.4548,1,0.0177,LOW,0.4912,0.4851
CHEMBL1952144,0.7976,5.748,0,0.3441,0,0.5055,LOW,0.7527,0.9479
CHEMBL533855,0.4901,5.424,1,0.6651,0,0.254,HIGH,0.627,0.0318
CHEMBL1926766,0.1658,4.626,1,0.6545,0,0.6894,HIGH,0.1553,0.2009
CHEMBL1289062,0.3597,5.144,1,0.5857,0,0.2805,HIGH,0.3597,0.3598
CHEMBL3326795,0.6457,5.403,1,0.5727,0,0.3938,HIGH,0.6969,0.4745
WOSKHXYHFSIKNG-UHFFFAOYSA-N,0.2521,5.134,0,0.4157,0,0.4876,LOW,0.2562,0.2382
CHEMBL48029,0.9331,6.506,0,0.3575,0,0.8323,LOW,0.9161,0.9899
CHEMBL4081657,0.2592,4.702,1,0.6355,0,0.535,HIGH,0.2325,0.3486
CHEMBL3237564,0.6667,5.367,1,0.6787,0,0.4117,HIGH,0.7058,0.5355
CHEMBL4449485,0.6753,5.441,0,0.3346,0,0.2129,LOW,0.6065,0.9056
CHEMBL4858892,0.6315,5.429,0,0.453,0,0.4497,LOW,0.7249,0.3189
CHEMBL2017104,0.747,5.3,1,0.5426,0,0.3913,HIGH,0.6956,0.919
CHEMBL1304667,0.1675,4.772,0,0.3031,0,0.6394,LOW,0.1803,0.1249
CHEMBL522854,0.7142,5.855,1,0.5338,0,0.3108,HIGH,0.6554,0.9111
CHEMBL4075203,0.7152,5.058,1,0.839,0,0.5169,HIGH,0.7585,0.5705
CHEMBL1985544,0.3378,4.976,0,0.4664,1,0.1235,LOW,0.4382,0.0018
CHEMBL5314924,0.452,4.963,0,0.2895,0,0.3083,LOW,0.3458,0.8075
CHEMBL4461649,0.5326,5.584,0,0.4544,1,0.0334,LOW,0.5167,0.5857
CHEMBL4170316,0.347,5.193,0,0.3732,0,0.5363,LOW,0.2319,0.7326
CHEMBL3891894,0.2758,5.072,1,0.6656,0,0.6856,HIGH,0.1572,0.6729
CHEMBL4167096,0.2139,5.546,1,0.533,0,0.6283,HIGH,0.1859,0.3076
CHEMBL207690,0.1927,4.82,0,0.2696,0,0.5145,LOW,0.2427,0.0254
CHEMBL517140,0.3747,5.011,1,0.5685,0,0.3987,HIGH,0.3007,0.6227
CHEMBL4858989,0.543,4.987,1,0.6921,1,0.0016,MEDIUM,0.4992,0.6894
CHEMBL4633367,0.7464,5.661,1,0.6833,0,0.3579,HIGH,0.6789,0.9722
CHEMBL3926412,0.7079,5.588,1,0.5093,0,0.6627,HIGH,0.8313,0.2948
CHEMBL2023457,0.5821,5.455,0,0.2972,1,0.0553,LOW,0.5277,0.7645
CHEMBL391574,0.05,5.02,0,0.27,0,0.8701,LOW,0.065,0.0
CHEMBL2180840,0.3991,5.299,0,0.423,1,0.1162,LOW,0.4419,0.2559
CHEMBL272302,0.9662,5.407,1,0.6674,0,0.9423,HIGH,0.9712,0.9494
WSSUUIPAFWQCNO-YKSBVNFPSA-N,0.0284,5.423,1,0.8362,0,0.9715,HIGH,0.0142,0.0761
CHEMBL4069884,0.1526,5.208,0,0.3649,0,0.6196,LOW,0.1902,0.0267
CHEMBL497064,0.7739,5.098,1,0.5952,0,0.4665,HIGH,0.7332,0.91
CHEMBL1271275,0.6123,5.963,1,0.5356,0,0.2475,HIGH,0.6238,0.5738
CHEMBL4864990,0.0624,4.979,1,0.6654,0,0.8386,HIGH,0.0807,0.001
CHEMBL3764101,0.4645,5.419,1,0.7568,1,0.0833,MEDIUM,0.4583,0.485
CHEMBL3787398,0.7305,5.831,0,0.4187,0,0.5404,LOW,0.7702,0.5975
CHEMBL550517,0.9689,5.645,1,0.8062,0,0.92,HIGH,0.96,0.9987
CHEMBL4747997,0.5816,5.213,1,0.6911,1,0.0673,MEDIUM,0.5336,0.7421
CHEMBL411118,0.384,5.562,1,0.72,1,0.1131,MEDIUM,0.4434,0.1849
CHEMBL2315930,0.5787,5.136,1,0.6919,1,0.0827,MEDIUM,0.4587,0.9807
WUHDWUZGBYYHTQ-UHFFFAOYSA-N,0.3854,5.015,1,0.781,1,0.1718,MEDIUM,0.4141,0.2892
CHEMBL4854122,0.0285,5.103,1,0.7864,0,0.931,HIGH,0.0345,0.0085
CHEMBL4875842,0.0285,5.103,1,0.7864,0,0.931,HIGH,0.0345,0.0085
CHEMBL4865352,0.0285,5.103,1,0.7864,0,0.931,HIGH,0.0345,0.0085
CHEMBL4759127,0.1371,4.828,0,0.2918,0,0.6573,LOW,0.1714,0.0225
CHEMBL3356074,0.403,5.074,0,0.4858,1,0.1067,LOW,0.4467,0.257
CHEMBL2393450,0.3652,5.703,0,0.431,0,0.4392,LOW,0.2804,0.6492
CHEMBL426714,0.8571,5.776,1,0.6113,0,0.6289,HIGH,0.8144,0.9999
CHEMBL2017417,0.7825,5.483,1,0.6529,0,0.696,HIGH,0.848,0.5632
WVWPKPZCILEGOG-UHFFFAOYSA-N,0.6314,5.294,1,0.5386,0,0.2845,HIGH,0.6422,0.5952
CHEMBL4086008,0.5097,5.876,0,0.4524,1,0.0181,LOW,0.4909,0.5724
CHEMBL1224089,0.2188,4.958,1,0.5166,0,0.8054,HIGH,0.0973,0.6258
CHEMBL550851,0.1523,5.196,1,0.7165,0,0.7816,HIGH,0.1092,0.2968
CHEMBL2036766,0.7778,5.781,1,0.5033,0,0.6417,HIGH,0.8209,0.6335
CHEMBL1784405,0.8362,5.814,1,0.7207,0,0.7053,HIGH,0.8527,0.7813
CHEMBL4855387,0.0193,4.897,1,0.7664,0,0.9507,HIGH,0.0247,0.0015
CHEMBL534288,0.5866,5.656,0,0.3917,0,0.3711,LOW,0.6855,0.2555
WXPNDRBBWZMPQG-UHFFFAOYSA-N,0.4046,5.636,0,0.4422,0,0.4493,LOW,0.2754,0.8372
CHEMBL556539,0.5609,5.415,1,0.6368,1,0.1588,MEDIUM,0.5794,0.4989
CHEMBL4175082,0.3534,5.45,0,0.3335,0,0.619,LOW,0.1905,0.8986
WXZVOQCMUCSBIN-CYBMUJFWSA-N,0.8869,5.724,1,0.5045,0,0.7275,HIGH,0.8638,0.9642
CHEMBL2308139,0.4648,5.133,0,0.3219,1,0.0806,LOW,0.4597,0.4819
CHEMBL3814424,0.8169,5.716,0,0.4707,0,0.5268,LOW,0.7634,0.9958
WYNSFINJUTXESJ-UHFFFAOYSA-N,0.0714,4.851,1,0.7219,0,0.8532,HIGH,0.0734,0.0647
CHEMBL1910319,0.983,6.546,1,0.8076,0,0.956,HIGH,0.978,0.9996
WYRSKUBUFKBAFT-UHFFFAOYSA-N,0.2429,5.266,0,0.4306,0,0.3709,LOW,0.3146,0.0029
CHEMBL548279,0.8684,5.969,1,0.5677,0,0.6621,HIGH,0.831,0.9936
CHEMBL4473150,0.187,4.895,1,0.5657,0,0.6568,HIGH,0.1716,0.2385
CHEMBL2165070,0.6546,6.589,0,0.3809,0,0.316,LOW,0.658,0.6433
CHEMBL3218480,0.348,5.025,1,0.6395,0,0.6503,HIGH,0.1748,0.9278
CHEMBL1095845,0.3622,5.015,0,0.4387,0,0.5037,LOW,0.2482,0.7441
CHEMBL1823042,0.3622,5.015,0,0.4387,0,0.5037,LOW,0.2482,0.7441
CHEMBL4164805,0.1859,4.821,0,0.28,0,0.6402,LOW,0.1799,0.2061
CHEMBL1290504,0.4518,5.192,1,0.5869,0,0.3151,HIGH,0.3424,0.818
CHEMBL555349,0.3587,4.836,1,0.6237,0,0.4859,HIGH,0.2571,0.699
CHEMBL519193,0.224,4.588,1,0.6302,0,0.5969,HIGH,0.2016,0.2991
CHEMBL2208431,0.7504,5.817,1,0.6971,0,0.4997,HIGH,0.7498,0.7522
CHEMBL4228918,0.9457,6.059,1,0.575,0,0.859,HIGH,0.9295,1.0
CHEMBL3218488,0.0668,4.841,1,0.7791,0,0.829,HIGH,0.0855,0.0041
CHEMBL3800305,0.3276,4.823,0,0.2998,0,0.3292,LOW,0.3354,0.3015
CHEMBL2333640,0.7544,4.872,1,0.7045,0,0.3681,HIGH,0.684,0.9897
CHEMBL270567,0.9799,5.82,1,0.724,0,0.9488,HIGH,0.9744,0.9983
CHEMBL4777122,0.7403,6.145,0,0.2616,0,0.3736,LOW,0.6868,0.9192
CHEMBL4525277,0.8043,5.725,1,0.5457,0,0.5668,HIGH,0.7834,0.8743
CHEMBL2203774,0.8857,5.38,1,0.7264,0,0.7046,HIGH,0.8523,0.9977
CHEMBL1801192,0.3188,5.274,0,0.2997,0,0.3369,LOW,0.3315,0.2761
CHEMBL2177914,0.652,5.574,1,0.5509,0,0.333,HIGH,0.6665,0.6036
CHEMBL4643577,0.0431,4.659,1,0.5744,0,0.8892,HIGH,0.0554,0.0017
CHEMBL3355480,0.102,4.617,0,0.4378,0,0.7904,LOW,0.1048,0.0928
CHEMBL43,0.2827,5.436,0,0.3329,0,0.269,LOW,0.3655,0.0055
CHEMBL470514,0.334,5.472,0,0.4422,0,0.2929,LOW,0.3536,0.2687
CHEMBL3422952,0.637,5.886,1,0.6879,0,0.2401,HIGH,0.6201,0.6937
CHEMBL1270269,0.5639,5.609,1,0.6377,1,0.0186,MEDIUM,0.5093,0.7467
CHEMBL4543236,0.3729,4.994,0,0.4164,0,0.3981,LOW,0.301,0.6139
CHEMBL3604799,0.7538,5.751,1,0.6448,0,0.3751,HIGH,0.6876,0.9756
CHEMBL4245197,0.2198,5.141,1,0.5323,0,0.476,HIGH,0.262,0.0786
CHEMBL2178524,0.7368,5.73,1,0.6267,0,0.363,HIGH,0.6815,0.9221
CHEMBL4472827,0.5528,5.37,0,0.4918,0,0.2929,LOW,0.6464,0.2393
XFPUCOKJWIFNBD-UHFFFAOYSA-N,0.315,5.537,1,0.7004,0,0.3107,HIGH,0.3447,0.2157
CHEMBL2017569,0.2086,5.013,1,0.6262,0,0.5788,HIGH,0.2106,0.202
CHEMBL2036761,0.7946,5.605,1,0.604,0,0.6073,HIGH,0.8037,0.7643
XGIZNDWBXPNXFQ-UHFFFAOYSA-N,0.1161,4.911,1,0.7761,0,0.8399,HIGH,0.08,0.2369
CHEMBL1223753,0.3786,5.208,0,0.3513,0,0.2742,LOW,0.3629,0.4311
CHEMBL4094440,0.5893,4.944,1,0.6761,1,0.1872,MEDIUM,0.5936,0.575
CHEMBL1084400,0.9707,6.425,1,0.6227,0,0.9242,HIGH,0.9621,0.9995
CHEMBL2069513,0.7296,5.954,1,0.6776,0,0.7137,HIGH,0.8568,0.3034
CHEMBL512351,0.6956,5.958,1,0.7547,0,0.2095,HIGH,0.6048,0.9999
CHEMBL1910318,0.9511,6.266,1,0.7557,0,0.8732,HIGH,0.9366,0.9996
CHEMBL3084351,0.6507,5.569,1,0.6438,1,0.1227,MEDIUM,0.5613,0.9498
CHEMBL2069425,0.5535,5.037,1,0.7399,1,0.1495,MEDIUM,0.5748,0.4822
XIHXBNRAWIZORJ-UHFFFAOYSA-N,0.7271,5.461,1,0.5184,0,0.2915,HIGH,0.6457,0.9994
CHEMBL4474982,0.1456,5.044,1,0.6374,0,0.7123,HIGH,0.1439,0.1515
CHEMBL4092041,0.2613,4.892,1,0.541,0,0.3704,HIGH,0.3148,0.0822
CHEMBL4794487,0.7948,5.587,1,0.6267,0,0.576,HIGH,0.788,0.8177
CHEMBL2036753,0.9374,5.906,1,0.7881,0,0.8418,HIGH,0.9209,0.9926
CHEMBL3601295,0.6911,5.168,1,0.5332,0,0.2647,HIGH,0.6324,0.8879
CHEMBL4639407,0.183,4.915,1,0.5018,0,0.5577,HIGH,0.2211,0.0551
CHEMBL4103771,0.0938,5.341,1,0.6347,0,0.768,HIGH,0.116,0.0196
CHEMBL3425817,0.0426,4.436,1,0.7394,0,0.9031,HIGH,0.0484,0.0231
CHEMBL3604804,0.6403,5.506,1,0.6534,1,0.0691,MEDIUM,0.5346,0.9942
CHEMBL1800768,0.5049,4.91,0,0.3403,0,0.2153,LOW,0.6077,0.161
CHEMBL262736,0.2969,4.99,1,0.6451,0,0.2804,HIGH,0.3598,0.0862
CHEMBL3417045,0.2663,6.462,1,0.6145,0,0.4941,HIGH,0.2529,0.311
CHEMBL1818303,0.7312,5.398,0,0.3163,0,0.3019,LOW,0.6509,1.0
XLJXDCQWYYQDQT-UHFFFAOYSA-N,0.1083,4.608,0,0.4705,0,0.8512,LOW,0.0744,0.222
CHEMBL4571666,0.3673,5.081,1,0.7022,0,0.3949,HIGH,0.3025,0.584
CHEMBL4063950,0.2682,5.15,1,0.6022,0,0.4637,HIGH,0.2681,0.2686
CHEMBL2069930,0.3002,5.338,0,0.4926,0,0.3968,LOW,0.3016,0.2956
CHEMBL2207744,0.5101,5.76,1,0.758,1,0.1945,MEDIUM,0.5972,0.2184
CHEMBL5435454,0.2869,5.278,0,0.3271,0,0.3825,LOW,0.3087,0.2139
CHEMBL3747244,0.3232,4.821,1,0.583,0,0.4287,HIGH,0.2856,0.4491
CHEMBL157101,0.5167,5.691,0,0.351,0,0.2546,LOW,0.3727,0.9986
CHEMBL1230468,0.4346,5.166,0,0.2739,1,0.0756,LOW,0.5378,0.0893
XMFZHHVWPNXHGW-UHFFFAOYSA-N,0.0477,4.604,0,0.4581,0,0.8996,LOW,0.0502,0.0394
CHEMBL1270170,0.2654,5.435,1,0.6455,0,0.4234,HIGH,0.2883,0.189
CHEMBL4206892,0.2488,4.973,0,0.3818,0,0.4183,LOW,0.2909,0.1078
XNGBHJNZDZOEJO-MRKDIWJRSA-N,0.8589,5.909,1,0.7592,0,0.7325,HIGH,0.8663,0.8344
XNGBHJNZDZOEJO-RWSUSOHTSA-N,0.8589,5.909,1,0.7592,0,0.7325,HIGH,0.8663,0.8344
CHEMBL2069426,0.66,5.144,1,0.7413,0,0.3353,HIGH,0.6677,0.6342
CHEMBL487827,0.6796,5.801,1,0.5248,1,0.1856,MEDIUM,0.5928,0.9701
CHEMBL366328,0.9467,5.703,1,0.6717,0,0.8744,HIGH,0.9372,0.9787
CHEMBL2336333,0.229,4.667,1,0.7162,0,0.5006,HIGH,0.2497,0.1598
CHEMBL2036763,0.7257,5.87,1,0.5754,0,0.4957,HIGH,0.7478,0.6514
CHEMBL2031470,0.6589,5.387,1,0.5165,0,0.2172,HIGH,0.6086,0.8272
CHEMBL1270062,0.9089,5.935,1,0.5967,0,0.7667,HIGH,0.8834,0.9943
CHEMBL3092195,0.1722,4.923,0,0.3397,0,0.6412,LOW,0.1794,0.1482
CHEMBL243901,0.9755,6.202,1,0.744,0,0.9395,HIGH,0.9697,0.9948
CHEMBL246818,0.6257,5.237,1,0.6022,0,0.4035,HIGH,0.7018,0.3712
CHEMBL562905,0.2775,4.603,1,0.6951,0,0.3274,HIGH,0.3363,0.0809
CHEMBL1172625,0.6598,4.916,1,0.7286,1,0.1557,MEDIUM,0.5778,0.934
CHEMBL4173253,0.901,5.59,0,0.4006,0,0.7438,LOW,0.8719,0.9986
CHEMBL4098204,0.3852,4.718,1,0.7585,0,0.2076,HIGH,0.3962,0.3482
CHEMBL255023,0.6684,5.976,0,0.3472,1,0.1481,LOW,0.5741,0.9842
CHEMBL269959,0.9755,5.599,1,0.7853,0,0.9376,HIGH,0.9688,0.9977
CHEMBL1092574,0.2425,5.17,0,0.4414,0,0.3808,LOW,0.3096,0.018
CHEMBL4225217,0.9086,5.642,1,0.5963,0,0.7627,HIGH,0.8813,1.0
CHEMBL4283367,0.5086,5.37,1,0.638,1,0.0697,MEDIUM,0.5349,0.4209
XSGCBOOLGAIFRX-OAHLLOKOSA-N,0.9074,5.551,1,0.5803,0,0.7681,HIGH,0.8841,0.9856
CHEMBL4560282,0.7765,5.265,1,0.6556,0,0.424,HIGH,0.712,0.9926
CHEMBL601567,0.6053,5.028,0,0.3472,1,0.1098,LOW,0.5549,0.7741
CHEMBL4229223,0.8738,5.497,1,0.6845,0,0.6856,HIGH,0.8428,0.9777
CHEMBL1290059,0.642,5.649,1,0.5352,1,0.0831,MEDIUM,0.5415,0.9783
CHEMBL2391789,0.1603,5.376,1,0.7285,0,0.6048,HIGH,0.1976,0.0352
CHEMBL1242436,0.9092,5.623,1,0.8431,0,0.8479,HIGH,0.9239,0.8599
CHEMBL3774431,0.9847,6.066,1,0.7407,0,0.9629,HIGH,0.9814,0.9956
CHEMBL3984425,0.1705,4.793,0,0.3135,0,0.592,LOW,0.204,0.0583
CHEMBL255618,0.901,5.898,1,0.6783,0,0.745,HIGH,0.8725,0.9964
CHEMBL601041,0.5098,5.724,0,0.4496,1,0.0797,LOW,0.4602,0.6758
CHEMBL222012,0.4527,5.725,1,0.5855,0,0.3491,HIGH,0.3254,0.8785
CHEMBL2391810,0.5709,5.166,1,0.8069,1,0.106,MEDIUM,0.447,0.9858
CHEMBL1623897,0.5633,4.974,0,0.3352,1,0.0711,LOW,0.4644,0.8942
CHEMBL584655,0.2095,5.435,0,0.3681,0,0.5191,LOW,0.2405,0.1058
CHEMBL3901705,0.0476,5.098,1,0.7439,0,0.8806,HIGH,0.0597,0.0071
CHEMBL5314554,0.1484,4.946,0,0.3684,0,0.6837,LOW,0.1581,0.1158
CHEMBL496687,0.9344,5.905,1,0.685,0,0.8703,HIGH,0.9352,0.932
CHEMBL4081602,0.3967,5.261,1,0.6981,0,0.2442,HIGH,0.3779,0.4597
CHEMBL4166919,0.3353,5.274,0,0.3405,0,0.304,LOW,0.348,0.2929
CHEMBL495702,0.4463,5.532,0,0.3967,1,0.1179,LOW,0.4411,0.464
CHEMBL2204264,0.1885,4.54,1,0.7348,0,0.5298,HIGH,0.2351,0.0326
CHEMBL273575,0.2153,5.01,0,0.2771,0,0.55,LOW,0.225,0.1826
CHEMBL1086525,0.9075,8.299,1,0.622,0,0.809,HIGH,0.9045,0.9173
CHEMBL4641631,0.2313,4.887,1,0.7053,0,0.6077,HIGH,0.1961,0.349
XYCBFPMJNPHKTB-UHFFFAOYSA-N,0.8458,5.284,1,0.5015,0,0.6184,HIGH,0.8092,0.9684
CHEMBL1873475,0.7243,5.678,1,0.6046,0,0.4077,HIGH,0.7039,0.7929
XYGIAPGACDFNDM-UHFFFAOYSA-N,0.8777,5.601,1,0.5471,0,0.7076,HIGH,0.8538,0.9577
CHEMBL1771094,0.6678,5.457,0,0.4668,0,0.4133,LOW,0.7066,0.5378
CHEMBL2336056,0.6822,5.046,0,0.4095,0,0.2874,LOW,0.6437,0.811
XYRJBYRNGZCJNT-UHFFFAOYSA-N,0.4389,5.156,1,0.628,0,0.2906,HIGH,0.3547,0.7208
CHEMBL2017106,0.6368,5.343,1,0.5694,0,0.2268,HIGH,0.6134,0.7152
CHEMBL4444685,0.9553,6.327,1,0.7962,0,0.8848,HIGH,0.9424,0.9984
CHEMBL4784154,0.0629,4.484,0,0.405,0,0.8405,LOW,0.0798,0.0063
CHEMBL502835,0.8264,6.978,0,0.4248,0,0.5491,LOW,0.7746,0.9999
CHEMBL3799869,0.2855,4.817,0,0.2783,0,0.3163,LOW,0.3418,0.0967
YAFITMVNVWKOOO-UHFFFAOYSA-N,0.978,6.319,1,0.759,0,0.9428,HIGH,0.9714,1.0
CHEMBL4078799,0.078,4.6,1,0.7354,0,0.836,HIGH,0.082,0.0646
CHEMBL248196,0.1246,4.986,1,0.5812,0,0.6775,HIGH,0.1612,0.002
CHEMBL1085337,0.8617,5.647,1,0.6645,0,0.6435,HIGH,0.8218,0.9955
CHEMBL121,0.5846,5.483,0,0.3678,1,0.0365,LOW,0.5183,0.8068
CHEMBL4067468,0.4858,5.128,1,0.6418,1,0.0709,MEDIUM,0.4646,0.5567
CHEMBL3824296,0.4616,5.029,0,0.4761,0,0.2983,LOW,0.3509,0.8325
CHEMBL1094693,0.093,5.274,1,0.7573,0,0.8104,HIGH,0.0948,0.0868
CHEMBL2153098,0.3113,5.101,1,0.5614,0,0.5293,HIGH,0.2353,0.5656
CHEMBL4458575,0.2582,5.242,0,0.4208,0,0.3863,LOW,0.3069,0.0952
CHEMBL1829603,0.1514,4.393,1,0.7917,0,0.6685,HIGH,0.1658,0.1032
CHEMBL272775,0.9472,5.466,1,0.7041,0,0.8632,HIGH,0.9316,0.9993
CHEMBL4647810,0.1771,4.718,0,0.352,0,0.6573,LOW,0.1714,0.1962
CHEMBL3393730,0.0806,5.084,1,0.5644,0,0.7913,HIGH,0.1044,0.0009
CHEMBL3666257,0.3401,5.258,1,0.6127,0,0.4785,HIGH,0.2607,0.6056
YCMGLCRZYQOKPX-QFIPXVFZSA-N,0.3265,5.283,0,0.3113,0,0.2843,LOW,0.3578,0.2216
CHEMBL3321980,0.4362,5.111,0,0.4265,1,0.1764,LOW,0.4118,0.5181
CHEMBL2204246,0.1841,4.675,1,0.7315,0,0.6862,HIGH,0.1569,0.2751
CHEMBL1809072,0.3971,5.03,1,0.7255,1,0.1709,MEDIUM,0.4146,0.3388
CHEMBL273235,0.9401,6.135,1,0.5395,0,0.8821,HIGH,0.9411,0.9369
CHEMBL380388,0.9439,5.906,1,0.5589,0,0.8567,HIGH,0.9284,0.9961
CHEMBL3417063,0.4103,5.337,1,0.6988,0,0.3809,HIGH,0.3095,0.7476
CHEMBL2204265,0.1993,4.696,1,0.7153,0,0.4928,HIGH,0.2536,0.0175
CHEMBL4543599,0.7385,6.045,1,0.5568,0,0.4792,HIGH,0.7396,0.7347
CHEMBL4548200,0.1686,4.732,1,0.5367,0,0.6168,HIGH,0.1916,0.0914
CHEMBL216225,0.8522,5.815,1,0.7534,0,0.6357,HIGH,0.8178,0.9672
CHEMBL2158299,0.0705,4.921,1,0.7398,0,0.8172,HIGH,0.0914,0.0007
CHEMBL2207281,0.5141,5.701,1,0.7213,0,0.2679,HIGH,0.6339,0.113
CHEMBL1784406,0.2816,4.813,1,0.6998,0,0.3353,HIGH,0.3323,0.1118
CHEMBL2041190,0.294,4.789,1,0.8126,0,0.5298,HIGH,0.2351,0.4914
CHEMBL3115272,0.0754,4.724,1,0.7995,0,0.871,HIGH,0.0645,0.1119
CHEMBL548334,0.1543,5.018,0,0.2922,0,0.6152,LOW,0.1924,0.0266
CHEMBL1909991,0.6562,5.17,1,0.6608,0,0.2575,HIGH,0.6287,0.748
CHEMBL4558168,0.3562,5.642,1,0.6684,0,0.2428,HIGH,0.3786,0.2809
YFPXALXVUKNUIN-UHFFFAOYSA-N,0.2941,4.657,1,0.7285,0,0.2986,HIGH,0.3507,0.1048
CHEMBL4759692,0.7312,5.732,1,0.4996,0,0.4939,HIGH,0.7469,0.6783
YFWBSWOQIFUXES-UHFFFAOYSA-N,0.0784,4.771,1,0.7894,0,0.8304,HIGH,0.0848,0.0571
CHEMBL243474,0.9708,6.009,1,0.744,0,0.9302,HIGH,0.9651,0.9899
YFYTXCHIKLXUIM-UHFFFAOYSA-N,0.9592,5.906,1,0.6482,0,0.8947,HIGH,0.9474,0.9989
CHEMBL3427385,0.2965,5.236,0,0.4058,0,0.2648,LOW,0.3676,0.0586
CHEMBL272378,0.9125,5.744,1,0.7647,0,0.7732,HIGH,0.8866,0.9995
CHEMBL515025,0.9237,5.684,1,0.8052,0,0.8064,HIGH,0.9032,0.9921
YGQYHFNCAZNGCT-UHFFFAOYSA-N,0.1688,4.95,0,0.4473,0,0.6314,LOW,0.1843,0.1167
CHEMBL4169575,0.723,5.395,0,0.261,0,0.3645,LOW,0.6822,0.8593
CHEMBL2207671,0.6883,5.705,1,0.7579,0,0.5996,HIGH,0.7998,0.3149
CHEMBL2414670,0.2054,5.088,0,0.2711,0,0.6194,LOW,0.1903,0.256
CHEMBL550471,0.6317,5.474,0,0.4839,1,0.1174,LOW,0.5587,0.8759
CHEMBL556648,0.6317,5.474,0,0.4839,1,0.1174,LOW,0.5587,0.8759
CHEMBL557121,0.6317,5.474,0,0.4839,1,0.1174,LOW,0.5587,0.8759
CHEMBL2333639,0.7573,4.975,1,0.6679,0,0.3889,HIGH,0.6944,0.968
CHEMBL557116,0.3115,5.103,1,0.7394,0,0.2698,HIGH,0.3651,0.132
CHEMBL3775476,0.3392,6.187,0,0.4139,1,0.1807,LOW,0.4096,0.1034
CHEMBL484528,0.1884,4.678,0,0.4638,0,0.5725,LOW,0.2137,0.1037
CHEMBL3417055,0.34,6.262,1,0.5586,0,0.467,HIGH,0.2665,0.5861
CHEMBL3909266,0.577,5.404,1,0.618,1,0.1802,MEDIUM,0.5901,0.5334
CHEMBL4084182,0.7793,6.158,0,0.3414,0,0.5202,LOW,0.7601,0.8435
CHEMBL476579,0.8872,5.532,1,0.8161,0,0.9367,HIGH,0.9683,0.6156
YJEVVRPFVPWHRW-DNOBIOAJSA-N,0.8121,5.491,1,0.7333,0,0.6617,HIGH,0.8309,0.7492
CHEMBL1172624,0.6194,4.937,1,0.6878,1,0.1091,MEDIUM,0.5545,0.8364
CHEMBL4643150,0.3343,5.608,1,0.54,0,0.3564,HIGH,0.3218,0.3761
YKCVGPQFUBUSHV-CQSZACIVSA-N,0.8712,5.514,0,0.484,0,0.6778,LOW,0.8389,0.9796
CHEMBL600132,0.0665,4.606,0,0.2578,0,0.8501,LOW,0.075,0.0381
CHEMBL1171029,0.9514,5.472,1,0.742,0,0.8753,HIGH,0.9376,0.9973
CHEMBL43697,0.8727,5.808,1,0.5252,0,0.8961,HIGH,0.9481,0.6205
CHEMBL518922,0.7102,5.94,0,0.4761,0,0.4403,LOW,0.7201,0.6771
CHEMBL2059323,0.8312,5.354,1,0.6838,0,0.5623,HIGH,0.7811,0.9989
CHEMBL3422983,0.4812,4.896,1,0.6194,0,0.2003,HIGH,0.3999,0.7536
CHEMBL4548199,0.4856,5.115,1,0.5708,1,0.0303,MEDIUM,0.5151,0.3868
CHEMBL4544394,0.4856,5.115,1,0.5708,1,0.0303,MEDIUM,0.5151,0.3868
CHEMBL1957012,0.6264,5.435,1,0.6667,0,0.4591,HIGH,0.7295,0.2811
CHEMBL2181297,0.4793,5.078,1,0.6816,1,0.119,MEDIUM,0.5595,0.211
CHEMBL3695713,0.3138,5.019,0,0.4168,0,0.4467,LOW,0.2767,0.4383
CHEMBL3786469,0.9259,6.047,0,0.3766,0,0.8136,LOW,0.9068,0.9898
CHEMBL4094313,0.0867,4.727,0,0.4199,0,0.7754,LOW,0.1123,0.0011
CHEMBL5075933,0.7428,5.942,1,0.5599,0,0.3487,HIGH,0.6743,0.9721
YMDZFDBXTYBHAJ-UHFFFAOYSA-N,0.1833,5.271,1,0.7545,0,0.7775,HIGH,0.1113,0.4244
CHEMBL4637997,0.4797,5.152,0,0.4388,1,0.1615,LOW,0.4192,0.6821
CHEMBL2207283,0.5239,5.647,1,0.62,0,0.319,HIGH,0.6595,0.0698
CHEMBL1095158,0.8298,5.935,1,0.7518,0,0.6315,HIGH,0.8158,0.8768
YNPDAEIZGIIQCZ-OLZOCXBDSA-N,0.1639,4.835,1,0.6739,0,0.722,HIGH,0.139,0.247
YNPDAEIZGIIQCZ-QWHCGFSZSA-N,0.1639,4.835,1,0.6739,0,0.722,HIGH,0.139,0.247
CHEMBL1945849,0.6425,5.401,1,0.5108,0,0.2453,HIGH,0.6226,0.7091
CHEMBL1668238,0.7812,5.722,1,0.7112,0,0.5827,HIGH,0.7913,0.7473
CHEMBL4101809,0.4969,5.345,0,0.3889,1,0.1573,LOW,0.4214,0.7498
YOTHGDNLEVBATQ-UHFFFAOYSA-N,0.0402,4.678,1,0.6435,0,0.9224,HIGH,0.0388,0.0451
CHEMBL1909985,0.5896,4.894,1,0.7295,1,0.0869,MEDIUM,0.5435,0.7441
CHEMBL4101902,0.1827,5.101,0,0.4882,0,0.5344,LOW,0.2328,0.0147
YQKWXWMRYFPDSX-NSHDSACASA-N,0.032,4.439,1,0.7878,0,0.9202,HIGH,0.0399,0.0053
YQLIWCWWLMNPGU-PMACEKPBSA-N,0.0944,4.486,1,0.7622,0,0.8182,HIGH,0.0909,0.1063
CHEMBL378547,0.649,5.59,1,0.6104,0,0.5262,HIGH,0.7631,0.2671
CHEMBL4285364,0.1065,4.856,0,0.2767,0,0.738,LOW,0.131,0.0246
CHEMBL393169,0.836,6.403,1,0.5299,0,0.7318,HIGH,0.8659,0.736
YRDIMZCEHFHZSI-VQTJNVASSA-N,0.0253,4.416,1,0.8363,0,0.944,HIGH,0.028,0.0162
CHEMBL2017100,0.8945,5.519,1,0.6859,0,0.8486,HIGH,0.9243,0.7948
CHEMBL2041168,0.7919,5.715,1,0.7816,0,0.4598,HIGH,0.7299,0.9994
CHEMBL4462496,0.4048,5.117,1,0.6728,0,0.4133,HIGH,0.2934,0.778
CHEMBL5084615,0.079,4.959,1,0.7476,0,0.8442,HIGH,0.0779,0.0826
CHEMBL2207666,0.8102,5.615,1,0.7605,0,0.5531,HIGH,0.7765,0.9231
CHEMBL4072014,0.2065,4.918,1,0.7316,0,0.7207,HIGH,0.1397,0.4303
CHEMBL2146599,0.4171,5.276,0,0.388,1,0.193,LOW,0.4035,0.4628
CHEMBL537087,0.8555,5.717,0,0.3542,0,0.6332,LOW,0.8166,0.9856
CHEMBL1172623,0.804,4.909,1,0.7171,0,0.6603,HIGH,0.8301,0.7163
CHEMBL3092197,0.5537,5.004,1,0.6016,1,0.052,MEDIUM,0.526,0.6466
YUBLNBWIZGHBST-GDJIYFAZSA-N,0.9639,7.431,1,0.7169,0,0.913,HIGH,0.9565,0.9885
CHEMBL4089640,0.8303,5.506,1,0.6543,0,0.5663,HIGH,0.7832,0.988
CHEMBL1819267,0.4697,4.79,1,0.5922,1,0.0367,MEDIUM,0.5184,0.3066
CHEMBL3422972,0.2985,4.795,1,0.5082,0,0.6408,HIGH,0.1796,0.6968
CHEMBL3786896,0.3852,5.051,0,0.3739,0,0.4179,LOW,0.2911,0.7002
CHEMBL472967,0.8085,6.016,1,0.6491,0,0.5027,HIGH,0.7514,0.9998
CHEMBL4174323,0.2392,4.857,1,0.5536,0,0.6156,HIGH,0.1922,0.3963
CHEMBL1224065,0.8969,5.802,1,0.6399,0,0.7429,HIGH,0.8714,0.9823
CHEMBL1095354,0.3593,5.446,1,0.7063,0,0.2623,HIGH,0.3688,0.3273
CHEMBL2028056,0.6121,5.895,0,0.4379,0,0.3916,LOW,0.6958,0.3321
CHEMBL4783809,0.0467,4.684,1,0.4977,0,0.8871,HIGH,0.0565,0.014
CHEMBL2146879,0.988,5.958,1,0.7346,0,0.9694,HIGH,0.9847,0.9989
CHEMBL243899,0.9482,5.8,1,0.7898,0,0.8743,HIGH,0.9372,0.9851
CHEMBL5084225,0.1123,4.874,1,0.5408,0,0.7119,HIGH,0.1441,0.0058
CHEMBL3895485,0.3541,5.723,0,0.4142,1,0.1067,LOW,0.4466,0.0444
CHEMBL2347993,0.2555,5.271,0,0.4489,0,0.4671,LOW,0.2664,0.2188
CHEMBL3974889,0.2118,4.759,1,0.8333,0,0.5573,HIGH,0.2213,0.1797
CHEMBL3928945,0.2118,4.759,1,0.8333,0,0.5573,HIGH,0.2213,0.1797
YVSXJUFPYMJKTN-YKSBVNFPSA-N,0.67,5.799,1,0.7361,0,0.4948,HIGH,0.7474,0.4109
CHEMBL4761139,0.8045,5.888,1,0.5354,0,0.6302,HIGH,0.8151,0.7692
CHEMBL2336332,0.1553,4.597,1,0.6921,0,0.7265,HIGH,0.1367,0.2172
CHEMBL581175,0.8941,5.961,0,0.3649,0,0.7922,LOW,0.8961,0.8874
CHEMBL3892659,0.0403,4.852,0,0.4401,0,0.8967,LOW,0.0516,0.0025
CHEMBL4165629,0.2923,5.221,1,0.5658,0,0.3922,HIGH,0.3039,0.2536
CHEMBL4297354,0.1682,4.931,0,0.3396,0,0.5712,LOW,0.2144,0.0137
CHEMBL3703267,0.1484,5.32,1,0.6836,0,0.722,HIGH,0.139,0.1801
CHEMBL1836252,0.8808,5.592,0,0.472,0,0.6912,LOW,0.8456,0.9987
YXISLLAVLYFJLK-UHFFFAOYSA-N,0.8056,5.722,1,0.5251,0,0.5003,HIGH,0.7501,0.9911
CHEMBL2030442,0.1048,4.846,1,0.6323,0,0.7877,HIGH,0.1062,0.1001
CHEMBL252619,0.2986,5.03,0,0.3984,0,0.5748,LOW,0.2126,0.5864
CHEMBL4876663,0.7641,5.201,1,0.5117,0,0.4243,HIGH,0.7122,0.9379
CHEMBL2333644,0.7252,4.966,1,0.5756,0,0.3013,HIGH,0.6506,0.9751
CHEMBL2017109,0.8109,5.394,0,0.4702,0,0.5314,LOW,0.7657,0.9624
CHEMBL1684711,0.0654,5.198,1,0.7253,0,0.8311,HIGH,0.0845,0.0014
YZGMYTQJDWSQGI-UHFFFAOYSA-N,0.0554,4.721,1,0.5614,0,0.9077,HIGH,0.0462,0.0865
CHEMBL255620,0.978,5.824,1,0.7507,0,0.9436,HIGH,0.9718,0.9989
CHEMBL3343650,0.3805,5.105,0,0.4785,1,0.1514,LOW,0.4243,0.2341
CHEMBL3810154,0.3118,4.825,1,0.7406,0,0.4857,HIGH,0.2572,0.4947
CHEMBL4087927,0.1601,5.103,0,0.3999,0,0.7335,LOW,0.1333,0.2501
CHEMBL4536259,0.9886,6.547,1,0.6852,0,0.9721,HIGH,0.9861,0.9973
CHEMBL2147025,0.628,5.525,1,0.5935,1,0.1161,MEDIUM,0.5581,0.8619
CHEMBL564674,0.8627,5.743,0,0.4103,0,0.7211,LOW,0.8606,0.8699
CHEMBL3422953,0.6607,5.957,1,0.6595,1,0.1442,MEDIUM,0.5721,0.9572
CHEMBL3770443,0.2881,5.133,1,0.5923,0,0.5777,HIGH,0.2112,0.5458
CHEMBL2147307,0.3699,4.945,0,0.4683,0,0.3809,LOW,0.3096,0.5721
CHEMBL2325989,0.075,4.538,1,0.7187,0,0.8662,HIGH,0.0669,0.1019
CHEMBL4457342,0.5882,5.571,1,0.6019,1,0.0643,MEDIUM,0.4678,0.9911
ZBSPPCBPRARDAO-UHFFFAOYSA-N,0.3522,5.171,1,0.5549,1,0.153,MEDIUM,0.4235,0.1135
ZBXIRNVCPMZPFS-UHFFFAOYSA-N,0.8275,5.498,1,0.5001,0,0.5647,HIGH,0.7823,0.9787
ZCBGLPIEMQDDFO-UHFFFAOYSA-N,0.0502,4.57,1,0.5473,0,0.9061,HIGH,0.047,0.0608
CHEMBL4126496,0.2553,4.994,1,0.6591,0,0.5455,HIGH,0.2273,0.349
CHEMBL3799831,0.1032,4.618,0,0.3792,0,0.7451,LOW,0.1274,0.0222
CHEMBL3120280,0.8841,5.766,1,0.5694,0,0.7468,HIGH,0.8734,0.9199
ZCQPZBAAOWWMGM-RTBURBONSA-N,0.1582,4.684,1,0.7557,0,0.6285,HIGH,0.1857,0.0662
ZCZZFZFZUWEHRG-UHFFFAOYSA-N,0.9574,5.667,1,0.6543,0,0.8969,HIGH,0.9484,0.9872
CHEMBL4876902,0.0363,4.967,1,0.6464,0,0.9068,HIGH,0.0466,0.0015
ZDQIXJDZKHFAJT-UHFFFAOYSA-N,0.1492,5.023,1,0.5659,0,0.7795,HIGH,0.1103,0.2796
CHEMBL582486,0.2283,4.905,1,0.526,0,0.5105,HIGH,0.2447,0.1735
ZEAVYVGSFVJUTC-UHFFFAOYSA-N,0.4042,5.066,1,0.5627,1,0.0246,MEDIUM,0.4877,0.1246
CHEMBL4852381,0.0705,4.577,1,0.5797,0,0.8625,HIGH,0.0688,0.0764
CHEMBL4550656,0.9863,6.394,1,0.646,0,0.9652,HIGH,0.9826,0.9986
CHEMBL478012,0.7515,5.331,1,0.5902,0,0.3614,HIGH,0.6807,0.9885
CHEMBL1084617,0.601,5.235,0,0.4668,1,0.1483,LOW,0.5742,0.691
CHEMBL4779974,0.0996,5.297,1,0.584,0,0.772,HIGH,0.114,0.0514
CHEMBL4104203,0.3569,5.352,0,0.3011,0,0.3223,LOW,0.3389,0.4173
CHEMBL2424876,0.091,4.591,1,0.7859,0,0.7863,HIGH,0.1068,0.0382
CHEMBL1909994,0.5975,5.354,1,0.6921,1,0.0853,MEDIUM,0.5427,0.781
CHEMBL249854,0.3801,5.124,0,0.3525,1,0.0959,LOW,0.4521,0.1394
CHEMBL3752550,0.5594,5.727,1,0.7232,0,0.2348,HIGH,0.6174,0.3651
CHEMBL4585243,0.1172,4.717,0,0.2988,0,0.6984,LOW,0.1508,0.0045
CHEMBL3585946,0.3015,4.906,0,0.2861,0,0.3403,LOW,0.3298,0.2064
CHEMBL1819256,0.5753,5.259,1,0.6879,1,0.1634,MEDIUM,0.5817,0.5538
ZGNPRTXHIWGVPG-CQSZACIVSA-N,0.8444,5.437,0,0.3924,0,0.5977,LOW,0.7988,0.9971
CHEMBL2382345,0.282,5.085,1,0.5862,0,0.3292,HIGH,0.3354,0.103
CHEMBL4246111,0.2071,5.171,1,0.8108,0,0.6089,HIGH,0.1956,0.2457
CHEMBL2315929,0.607,4.933,1,0.7285,1,0.0026,MEDIUM,0.4987,0.9694
ZHTDXMSHUPCRLP-FGZHOGPDSA-N,0.6536,5.3,0,0.3897,0,0.4441,LOW,0.722,0.4246
CHEMBL4160103,0.4288,5.319,0,0.3183,1,0.1846,LOW,0.4077,0.4994
CHEMBL1836167,0.7115,5.498,0,0.4663,0,0.2627,LOW,0.6314,0.9798
CHEMBL3799912,0.186,4.889,0,0.2701,0,0.519,LOW,0.2405,0.0036
CHEMBL2364608,0.1771,5.192,0,0.2447,0,0.5509,LOW,0.2246,0.0183
ZIDKNUHPKSUTKP-GFCCVEGCSA-N,0.8481,5.601,0,0.4368,0,0.6171,LOW,0.8085,0.9807
CHEMBL3359220,0.9487,6.045,1,0.5723,0,0.8914,HIGH,0.9457,0.9589
CHEMBL4576616,0.2616,5.616,0,0.4073,0,0.3215,LOW,0.3393,0.0015
CHEMBL3422975,0.5791,6.154,1,0.501,0,0.2089,HIGH,0.6044,0.4941
CHEMBL1952142,0.5916,5.282,0,0.3682,1,0.0389,LOW,0.5194,0.8331
CHEMBL1269847,0.8972,6.336,1,0.6467,0,0.7406,HIGH,0.8703,0.9871
CHEMBL1631009,0.3636,5.13,1,0.7266,1,0.0727,MEDIUM,0.4636,0.0288
CHEMBL4473654,0.4414,5.104,0,0.4787,0,0.4,LOW,0.3,0.915
CHEMBL3775435,0.9776,6.393,1,0.7379,0,0.9517,HIGH,0.9758,0.9835
CHEMBL4533529,0.1954,5.27,0,0.244,0,0.5244,LOW,0.2378,0.0535
CHEMBL1258279,0.9573,8.711,1,0.7249,0,0.89,HIGH,0.945,0.9984
CHEMBL1223816,0.9573,8.711,1,0.7249,0,0.89,HIGH,0.945,0.9984
CHEMBL4160100,0.2909,5.382,0,0.3547,0,0.4951,LOW,0.2524,0.4196
CHEMBL256442,0.9755,5.689,1,0.6652,0,0.9369,HIGH,0.9685,0.999
CHEMBL4749020,0.6056,5.357,1,0.5895,0,0.4205,HIGH,0.7103,0.2553
ZLJHQDMTGQKOCX-UHFFFAOYSA-N,0.3287,5.072,1,0.7791,0,0.4063,HIGH,0.2968,0.4356
CHEMBL2324240,0.9082,5.733,0,0.4821,0,0.7648,LOW,0.8824,0.9946
CHEMBL4776352,0.6466,4.96,1,0.5541,1,0.1188,MEDIUM,0.5594,0.9383
CHEMBL1688243,0.6578,5.287,0,0.3356,0,0.4113,LOW,0.7056,0.4975
ZMFSOBGRZBTGEQ-UHFFFAOYSA-N,0.0261,4.775,1,0.7419,0,0.9341,HIGH,0.0329,0.003
ZMIMJRGRWXTILZ-UHFFFAOYSA-N,0.0643,4.811,1,0.703,0,0.8497,HIGH,0.0751,0.0282
CHEMBL127508,0.1951,5.056,0,0.4284,0,0.4994,LOW,0.2503,0.0103
CHEMBL4648872,0.1321,5.856,1,0.6243,0,0.7329,HIGH,0.1335,0.1273
ZMZSNKVRFHNVAO-SFTDATJTSA-N,0.0604,4.218,1,0.7096,0,0.8588,HIGH,0.0706,0.0263
CHEMBL215022,0.1146,5.22,0,0.4873,0,0.7274,LOW,0.1363,0.0421
CHEMBL237337,0.1143,4.682,1,0.5547,0,0.7325,HIGH,0.1337,0.0493
CHEMBL1223872,0.8278,6.816,1,0.592,0,0.5558,HIGH,0.7779,0.9948
CHEMBL1223870,0.8278,6.816,1,0.592,0,0.5558,HIGH,0.7779,0.9948
CHEMBL1809044,0.4842,5.154,1,0.8189,1,0.0522,MEDIUM,0.5261,0.3441
CHEMBL4783566,0.8254,5.453,1,0.8034,0,0.5465,HIGH,0.7732,1.0
CHEMBL3656928,0.3141,5.185,1,0.6038,0,0.4017,HIGH,0.2991,0.3642
CHEMBL3786768,0.9334,5.353,1,0.6228,0,0.8392,HIGH,0.9196,0.9796
CHEMBL4553699,0.4318,5.51,1,0.6394,1,0.0078,MEDIUM,0.5039,0.1904
CHEMBL4160332,0.2692,5.374,0,0.3547,0,0.5052,LOW,0.2474,0.3422
CHEMBL1813015,0.233,5.117,0,0.3848,0,0.5696,LOW,0.2152,0.2928
CHEMBL1084401,0.9173,6.239,1,0.6117,0,0.7922,HIGH,0.8961,0.9884
CHEMBL521523,0.6894,5.38,0,0.3144,0,0.4093,LOW,0.7047,0.6383
CHEMBL1684697,0.0759,5.116,1,0.6681,0,0.8028,HIGH,0.0986,0.0
CHEMBL4515812,0.987,6.499,1,0.671,0,0.9669,HIGH,0.9834,0.9991
CHEMBL458242,0.1038,4.751,0,0.3906,0,0.7736,LOW,0.1132,0.0724
CHEMBL203045,0.4444,5.236,1,0.5867,1,0.0553,MEDIUM,0.5276,0.1657
CHEMBL1761530,0.9684,6.256,1,0.7963,0,0.9184,HIGH,0.9592,0.9992
CHEMBL1092495,0.9671,5.961,1,0.6182,0,0.9228,HIGH,0.9614,0.9861
CHEMBL3907368,0.6874,5.244,1,0.5441,0,0.6575,HIGH,0.8288,0.2142
CHEMBL4763134,0.1682,5.305,0,0.3177,0,0.5633,LOW,0.2183,0.0006
CHEMBL582420,0.2496,5.349,1,0.5219,0,0.5246,HIGH,0.2377,0.2893
CHEMBL1095420,0.1661,5.028,1,0.729,0,0.605,HIGH,0.1975,0.0608
CHEMBL1808619,0.0345,4.731,1,0.6886,0,0.9168,HIGH,0.0416,0.0107
CHEMBL495187,0.1313,5.577,0,0.2784,0,0.6594,LOW,0.1703,0.001
ZSLUPNMTHNULTB-IBGZPJMESA-N,0.103,4.955,0,0.3655,0,0.7838,LOW,0.1081,0.0858
CHEMBL4751613,0.8745,6.104,1,0.5822,0,0.7198,HIGH,0.8599,0.9232
CHEMBL2333648,0.804,4.999,1,0.586,0,0.5151,HIGH,0.7576,0.9596
CHEMBL1098861,0.0732,5.383,1,0.8193,0,0.8605,HIGH,0.0698,0.0848
CHEMBL237793,0.7585,5.363,0,0.4885,0,0.5733,LOW,0.7867,0.6641
CHEMBL246819,0.7585,5.363,0,0.4885,0,0.5733,LOW,0.7867,0.6641
ZTRWHUJIONDEEE-UHFFFAOYSA-N,0.2564,4.901,1,0.5672,0,0.3991,HIGH,0.3004,0.1088
CHEMBL3326630,0.817,5.281,1,0.6349,0,0.655,HIGH,0.8275,0.7819
CHEMBL3935453,0.3831,5.115,1,0.5129,1,0.0876,MEDIUM,0.4562,0.1385
CHEMBL466222,0.7797,5.437,1,0.681,0,0.4341,HIGH,0.717,0.9894
CHEMBL4776842,0.3802,5.128,1,0.5486,0,0.2191,HIGH,0.3905,0.3459
CHEMBL2041164,0.4581,5.025,1,0.7948,1,0.1856,MEDIUM,0.4072,0.6284
CHEMBL4087615,0.8171,5.665,0,0.3114,0,0.5402,LOW,0.7701,0.9745
CHEMBL3769552,0.5215,5.518,1,0.5229,1,0.1509,MEDIUM,0.5754,0.3409
CHEMBL4862447,0.5006,5.134,1,0.6535,1,0.1473,MEDIUM,0.4263,0.749
CHEMBL257534,0.7819,5.079,1,0.6279,0,0.4982,HIGH,0.7491,0.8916
CHEMBL248009,0.151,4.979,1,0.5803,0,0.6103,HIGH,0.1949,0.0042
CHEMBL3746280,0.3298,5.067,1,0.5736,0,0.334,HIGH,0.333,0.3191
CHEMBL3978935,0.3512,5.502,0,0.4325,1,0.0983,LOW,0.4508,0.0176
CHEMBL2333611,0.6887,5.469,1,0.7112,0,0.216,HIGH,0.608,0.9588
ZXPNPUZYBKVZFN-UHFFFAOYSA-N,0.2999,5.087,0,0.3524,0,0.6459,LOW,0.1771,0.7111
CHEMBL5082406,0.6536,5.161,1,0.7004,0,0.4257,HIGH,0.7129,0.455
CHEMBL4794973,0.4649,5.312,1,0.9296,1,0.097,MEDIUM,0.4515,0.5098
CHEMBL4870918,0.6626,4.999,1,0.6303,1,0.1641,MEDIUM,0.582,0.9322
CHEMBL585243,0.7452,5.618,0,0.2901,0,0.4058,LOW,0.7029,0.8868
CHEMBL1096192,0.4039,5.627,0,0.3476,0,0.2638,LOW,0.3681,0.524
CHEMBL206383,0.2087,4.95,1,0.5371,0,0.5865,HIGH,0.2068,0.2154
CHEMBL1822856,0.947,6.224,1,0.6891,0,0.8906,HIGH,0.9453,0.9528
CHEMBL2207501,0.4853,4.631,1,0.7294,1,0.1491,MEDIUM,0.4255,0.6855
CHEMBL4064723,0.2062,5.258,0,0.3922,0,0.5053,LOW,0.2473,0.0687
CHEMBL384487,0.7723,5.82,1,0.7197,0,0.417,HIGH,0.7085,0.986
CHEMBL4870856,0.0527,5.025,1,0.7049,0,0.8744,HIGH,0.0628,0.0191
CHEMBL3608916,0.4462,5.268,0,0.3697,0,0.4275,LOW,0.2862,0.9816
CHEMBL1088040,0.3225,5.119,0,0.4854,0,0.2754,LOW,0.3623,0.1891
